,Mobile_Name,Price,Rating,Rating_Count,Review_Counts,Ram,Rom,Front_Cam,Back_Cam,Battery,Processor
0,"POCO M6 5G (Orion Blue, 256 GB)","₹10,999",4.2,"12,465",649,8 GB , 256 GB , 5MP ,50MP Rear Camera ,| 5MP Front,Mediatek Dimensity 6100+ 
1,"realme 12x 5G (Woodland Green, 128 GB)","₹11,999",4.1,"6,231",365,4 GB , 128 GB , 8MP ,50MP + 2MP ,5000,Dimensity 6100+ 
2,"Motorola g64 5G (Ice Lilac, 256 GB)","₹16,999",4.2,"9,485",559,12 GB , 256 GB , 16MP ,50MP (OIS) + 8MP ,6000,Dimensity 7025 
3,"Motorola Edge 50 Fusion (Marshmallow Blue, 256 GB)","₹24,999",4.5,"15,165",973,12 GB , 256 GB , 32MP ,50MP + 13MP ,5000,7s Gen 2 
4,"vivo T3 Lite 5G (Majestic Black, 128 GB)","₹10,499",4.5,"2,082",20,4 GB , 128 GB , 8MP ,50MP + 2MP ,5000,Dimensity 6300 
5,"vivo T3 Lite 5G (Vibrant Green, 128 GB)","₹10,499",4.5,"2,082",20,4 GB , 128 GB , 8MP ,50MP + 2MP ,5000,Dimensity 6300 
6,"SAMSUNG Galaxy F34 5G (Mystic Green, 128 GB)","₹16,499",4.2,"9,530",740,8 GB , 128 GB , 13MP ,50MP (OIS) + 8MP + 2MP ,6000,Exynos 1280 
7,"Motorola G34 5G (Charcoal Black, 128 GB)","₹10,999",4.2,"37,797","2,922",4 GB , 128 GB , 16MP ,50MP + 2MP ,5000,Snapdragon 695 5G 
8,"Motorola g64 5G (Mint Green, 128 GB)","₹14,999",4.2,"15,105",780,8 GB , 128 GB , 16MP ,50MP (OIS) + 8MP ,6000,Dimensity 7025 
9,"POCO M6 5G (Galactic Black, 256 GB)","₹10,999",4.2,"12,465",649,8 GB , 256 GB , 5MP ,50MP Rear Camera ,| 5MP Front,Mediatek Dimensity 6100+ 
10,"Motorola g64 5G (Pearl Blue, 128 GB)","₹14,999",4.2,"15,105",780,8 GB , 128 GB , 16MP ,50MP (OIS) + 8MP ,6000,Dimensity 7025 
11,"POCO M6 5G (Polaris Green, 256 GB)","₹10,999",4.2,"12,465",649,8 GB , 256 GB , 5MP ,50MP Rear Camera ,| 5MP Front,Mediatek Dimensity 6100+ 
12,"SAMSUNG Galaxy F34 5G (Electric Black, 128 GB)","₹16,499",4.2,"9,530",740,8 GB , 128 GB , 13MP ,50MP (OIS) + 8MP + 2MP ,6000,Exynos 1280 
13,"Motorola g64 5G (Mint Green, 256 GB)","₹16,999",4.2,"9,485",559,12 GB , 256 GB , 16MP ,50MP (OIS) + 8MP ,6000,Dimensity 7025 
14,"Motorola g64 5G (Pearl Blue, 256 GB)","₹16,999",4.2,"9,485",559,12 GB , 256 GB , 16MP ,50MP (OIS) + 8MP ,6000,Dimensity 7025 
15,"Motorola Edge 50 Pro 5G with 68W Charger (Luxe Lavender, 256 GB)","₹31,999",4.4,"18,295","1,604",8 GB , 256 GB , 50MP ,50MP + 13MP + 10MP ,4500,7 Gen 3 Mobile Platform 
16,"POCO M6 Pro 5G (Forest Green, 128 GB)","₹10,499",4.2,"1,10,094","6,848",6 GB , 128 GB , 8MP ,50MP + 2MP ,5000,Snapdragon 4 Gen 2 
17,"vivo T3 5G (Cosmic Blue, 256 GB)","₹21,999",4.4,"33,062","2,342",8 GB , 256 GB , 16MP ,50MP + 2MP ,5000,Dimensity 7200 
18,"vivo T3 5G (Crystal Flake, 256 GB)","₹21,999",4.4,"33,062","2,342",8 GB , 256 GB , 16MP ,50MP + 2MP ,5000,Dimensity 7200 
19,"vivo T3 5G (Crystal Flake, 128 GB)","₹19,999",4.4,"33,062","2,342",8 GB , 128 GB , 16MP ,50MP + 2MP ,5000,Dimensity 7200 
20,"vivo T2 Pro 5G (Dune Gold, 256 GB)","₹23,999",4.5,"1,05,500","8,306",8 GB , 256 GB , 16MP ,64MP + 2MP ,4600,Dimensity 7200 
21,"vivo T3 5G (Cosmic Blue, 128 GB)","₹19,999",4.4,"33,062","2,342",8 GB , 128 GB , 16MP ,50MP + 2MP ,5000,Dimensity 7200 
22,"vivo T2 Pro 5G (Dune Gold, 128 GB)","₹22,999",4.5,"1,05,500","8,306",8 GB , 128 GB , 16MP ,64MP + 2MP ,4600,Dimensity 7200 
23,"POCO C65 (Pastel Blue, 128 GB)","₹10,998",4.2,"9,608",512,6 GB , 128 GB , 8MP ,50MP + AI Lens + 2MP ,5000,Helio G85 
24,"realme P1 5G (Peacock Green, 128 GB)","₹15,999",4.4,"18,555","1,160",6 GB , 128 GB , 16MP ,50MP + 2MP ,5000,Dimensity 7050 
25,"realme P1 5G (Phoenix Red, 128 GB)","₹15,999",4.4,"18,555","1,160",6 GB , 128 GB , 16MP ,50MP + 2MP ,5000,Dimensity 7050 
26,"vivo T2 Pro 5G (New Moon Black, 256 GB)","₹23,999",4.5,"1,05,500","8,306",8 GB , 256 GB , 16MP ,64MP + 2MP ,4600,Dimensity 7200 
27,"vivo T2 Pro 5G (New Moon Black, 128 GB)","₹22,999",4.5,"1,05,500","8,306",8 GB , 128 GB , 16MP ,64MP + 2MP ,4600,Dimensity 7200 
28,"Motorola Edge 50 Pro 5G with 68W Charger (Black Beauty, 256 GB)","₹31,999",4.4,"18,295","1,604",8 GB , 256 GB , 50MP ,50MP + 13MP + 10MP ,4500,7 Gen 3 Mobile Platform 
29,"realme P1 5G (Phoenix Red, 256 GB)","₹18,999",4.3,"8,860",489,8 GB , 256 GB , 16MP ,50MP + 2MP ,5000,Dimensity 7050 
30,"realme P1 5G (Phoenix Red, 128 GB)","₹16,999",4.3,"8,860",489,8 GB , 128 GB , 16MP ,50MP + 2MP ,5000,Dimensity 7050 
31,"realme P1 5G (Peacock Green, 128 GB)","₹16,999",4.3,"8,860",489,8 GB , 128 GB , 16MP ,50MP + 2MP ,5000,Dimensity 7050 
32,"realme P1 5G (Peacock Green, 256 GB)","₹18,999",4.3,"8,860",489,8 GB , 256 GB , 16MP ,50MP + 2MP ,5000,Dimensity 7050 
33,"POCO X6 Neo 5G (Martian Orange, 256 GB)","₹15,999",4.1,"4,899",320,12 GB , 256 GB , 16MP ,108MP + 2MP ,5000,Dimensity 6080 
34,"SAMSUNG Galaxy F14 5G (GOAT Green, 128 GB)","₹10,990",4.2,"44,590","2,946",4 GB , 128 GB , 13MP ,50MP + 2MP ,6000,"Exynos 1330, Octa Core "
35,"Motorola Edge 50 Pro 5G with 125W Charger (Black Beauty, 256 GB)","₹35,999",4.4,"6,504",565,12 GB , 256 GB , 50MP ,50MP + 13MP + 10MP ,4500,7 Gen 3 Mobile Platform 
36,"realme C53 (Champion Black, 64 GB)","₹10,999",4.4,"1,27,396","5,791",6 GB , 64 GB , 8MP ,108MP + 2MP ,5000,T612 
37,"SAMSUNG Galaxy M14 5G (Icy Silver, 128 GB)","₹12,334",4.2,"23,974","1,519",6 GB , 128 GB ,,50MP Rear Camera6000 mAh Battery1 year,6000,1 year
38,"realme C53 (Champion Gold, 128 GB)","₹11,999",4.4,"1,27,396","5,791",6 GB , 128 GB , 8MP ,108MP + 2MP ,5000,T612 
39,"realme C53 (Champion Gold, 64 GB)","₹10,999",4.4,"1,27,396","5,791",6 GB , 64 GB , 8MP ,108MP + 2MP ,5000,T612 
40,"realme C65 5G (Feather Green, 128 GB)","₹12,499",4.4,"4,001",125,6 GB , 128 GB , 8MP ,50MP Rear Camera ,| 8MP Front,Dimensity 6300 
41,"SAMSUNG Galaxy F34 5G (Mystic Green, 128 GB)","₹15,499",4.2,"40,007","3,014",6 GB , 128 GB , 13MP ,50MP (OIS) + 8MP + 2MP ,6000,Exynos 1280 
42,"Motorola Edge 50 Pro 5G with 125W Charger (Luxe Lavender, 256 GB)","₹35,999",4.4,"6,504",565,12 GB , 256 GB , 50MP ,50MP + 13MP + 10MP ,4500,7 Gen 3 Mobile Platform 
43,"realme C53 (Champion Black, 128 GB)","₹11,999",4.4,"1,27,396","5,791",6 GB , 128 GB , 8MP ,108MP + 2MP ,5000,T612 
44,"realme C65 5G (Glowing Black, 128 GB)","₹12,499",4.4,"4,001",125,6 GB , 128 GB , 8MP ,50MP Rear Camera ,| 8MP Front,Dimensity 6300 
45,"POCO X6 Neo 5G (Astral Black, 256 GB)","₹15,999",4.1,"4,899",320,12 GB , 256 GB , 16MP ,108MP + 2MP ,5000,Dimensity 6080 
46,"POCO X6 Neo 5G (Horizon Blue, 256 GB)","₹15,999",4.1,"4,899",320,12 GB , 256 GB , 16MP ,108MP + 2MP ,5000,Dimensity 6080 
47,"realme 12+ 5G (Pioneer Green, 128 GB)","₹20,999",4.3,"10,571",921,8 GB , 128 GB , 16MP ,50MP + 8MP + 2MP ,5000,Dimensity 7050 
48,"realme C65 5G (Feather Green, 64 GB)","₹10,499",4.1,"1,654",65,4 GB , 64 GB , 8MP ,50MP Rear Camera ,| 8MP Front,Dimensity 6300 
49,"realme 12+ 5G (Navigator Beige, 256 GB)","₹21,999",4.3,"10,571",921,8 GB , 256 GB , 16MP ,50MP + 8MP + 2MP ,5000,Dimensity 7050 
50,"realme 12+ 5G (Navigator Beige, 128 GB)","₹20,999",4.3,"10,571",921,8 GB , 128 GB , 16MP ,50MP + 8MP + 2MP ,5000,Dimensity 7050 
51,"realme 12 Pro 5G (Navigator Beige, 128 GB)","₹23,999",4.4,"18,987","1,966",8 GB , 128 GB , 16MP ,50MP + 8MP + 32MP ,5000,Snapdragon 6 Gen 1 
52,"realme 12 Pro 5G (Submarine Blue, 128 GB)","₹23,999",4.4,"18,987","1,966",8 GB , 128 GB , 16MP ,50MP + 8MP + 32MP ,5000,Snapdragon 6 Gen 1 
53,"realme 12 Pro 5G (Submarine Blue, 256 GB)","₹24,999",4.4,"5,211",297,12 GB , 256 GB , 16MP ,50MP + 8MP + 32MP ,5000,Snapdragon 6 Gen 1 
54,"SAMSUNG Galaxy F14 5G (B.A.E. Purple, 128 GB)","₹10,990",4.2,"44,590","2,946",4 GB , 128 GB , 13MP ,50MP + 2MP ,6000,"Exynos 1330, Octa Core "
55,"realme 12 Pro 5G (Navigator Beige, 256 GB)","₹25,999",4.4,"18,987","1,966",8 GB , 256 GB , 16MP ,50MP + 8MP + 32MP ,5000,Snapdragon 6 Gen 1 
56,"realme 12 Pro 5G (Submarine Blue, 256 GB)","₹25,999",4.4,"18,987","1,966",8 GB , 256 GB , 16MP ,50MP + 8MP + 32MP ,5000,Snapdragon 6 Gen 1 
57,"realme 12+ 5G (Pioneer Green, 256 GB)","₹21,999",4.3,"10,571",921,8 GB , 256 GB , 16MP ,50MP + 8MP + 2MP ,5000,Dimensity 7050 
58,"realme P1 Pro 5G (Phoenix Red, 128 GB)","₹19,999",4.4,"8,685",525,8 GB , 128 GB , 16MP ,50MP + 8MP ,5000,6 Gen 1 
59,"realme P1 Pro 5G (Parrot Blue, 256 GB)","₹20,999",4.4,"8,685",525,8 GB , 256 GB , 16MP ,50MP + 8MP ,5000,6 Gen 1 
60,"realme P1 Pro 5G (Phoenix Red, 256 GB)","₹20,999",4.4,"8,685",525,8 GB , 256 GB , 16MP ,50MP + 8MP ,5000,6 Gen 1 
61,"realme 12 Pro 5G (Navigator Beige, 256 GB)","₹24,999",4.4,"5,211",297,12 GB , 256 GB , 16MP ,50MP + 8MP + 32MP ,5000,Snapdragon 6 Gen 1 
62,"realme P1 Pro 5G (Parrot Blue, 128 GB)","₹19,999",4.4,"8,685",525,8 GB , 128 GB , 16MP ,50MP + 8MP ,5000,6 Gen 1 
63,"vivo T2x 5G (Glimmer Black, 128 GB)","₹16,900",4.4,"4,25,570","23,137",6 GB , 128 GB , 8MP ,50MP + 2MP ,5000,Mediatek Dimensity 6020 
64,"POCO X6 Pro 5G (Racing Grey, 256 GB)","₹23,999",4.3,"9,056","1,204",8 GB , 256 GB , 16MP ,64MP + 8MP + 2MP ,5000,Dimensity D8300 Ultra 
65,"SAMSUNG Galaxy F15 5G (Groovy Violet, 128 GB)","₹14,499",4.2,"19,157","1,602",6 GB , 128 GB , 13MP ,50MP + 5MP + 2MP ,6000,MediaTek Dimensity 6100+ 
66,"POCO X6 Pro 5G (Spectre Black, 512 GB)","₹25,999",4.3,"8,016","1,069",12 GB , 512 GB , 16MP ,64MP + 8MP + 2MP ,5000,Dimensity D8300 Ultra 
67,"vivo T2x 5G (Glimmer Black, 128 GB)","₹14,999",4.3,"73,010","4,264",8 GB , 128 GB , 8MP ,50MP + 2MP ,5000,Mediatek Dimensity 6020 
68,"SAMSUNG Galaxy F15 5G (Jazzy Green, 128 GB)","₹12,999",4.2,"7,350",649,4 GB , 128 GB , 13MP ,50MP + 5MP + 2MP ,6000,MediaTek Dimensity 6100+ 
69,"vivo T2x 5G (Black Gladiator, 128 GB)","₹14,999",4.3,"73,010","4,264",8 GB , 128 GB , 8MP ,50MP + 2MP ,5000,Mediatek Dimensity 6020 
70,"vivo T2x 5G (Aurora Gold, 128 GB)","₹14,999",4.3,"73,010","4,264",8 GB , 128 GB , 8MP ,50MP + 2MP ,5000,Mediatek Dimensity 6020 
71,"vivo T2x 5G (Marine Blue, 128 GB)","₹12,999",4.4,"4,25,570","23,137",6 GB , 128 GB , 8MP ,50MP + 2MP ,5000,Mediatek Dimensity 6020 
72,"realme P1 Pro 5G (Parrot Blue, 256 GB)","₹22,999",4.5,185,6,12 GB , 256 GB , 16MP ,50MP + 8MP ,5000,6 Gen 1 
73,"SAMSUNG Galaxy F15 5G (Ash Black, 128 GB)","₹14,499",4.2,"19,157","1,602",6 GB , 128 GB , 13MP ,50MP + 5MP + 2MP ,6000,MediaTek Dimensity 6100+ 
74,"realme P1 Pro 5G (Phoenix Red, 256 GB)","₹22,999",4.5,185,6,12 GB , 256 GB , 16MP ,50MP + 8MP ,5000,6 Gen 1 
75,"SAMSUNG Galaxy M34 5G without charger (Prism Silver, 128 GB)","₹14,552",4.2,"3,570",266,6 GB , 128 GB ,,50MP Rear Camera6000 mAh BatteryDomestic 1 Year of Device & 6 Months for In-Box Accessories,6000,Domestic 1 Year of Device & 6 Months for In-Box Accessories
76,"vivo T2x 5G (Marine Blue, 128 GB)","₹14,999",4.3,"73,010","4,264",8 GB , 128 GB , 8MP ,50MP + 2MP ,5000,Mediatek Dimensity 6020 
77,"vivo T2x 5G (Black Gladiator, 128 GB)","₹12,999",4.4,"4,25,570","23,137",6 GB , 128 GB , 8MP ,50MP + 2MP ,5000,Mediatek Dimensity 6020 
78,"vivo T2x 5G (Sunstone Orange, 128 GB)","₹14,990",4.4,"4,25,570","23,137",6 GB , 128 GB , 8MP ,50MP + 2MP ,5000,Mediatek Dimensity 6020 
79,"Samsung Galaxy S21 FE 5G with Snapdragon 888 (Graphite, 128 GB)","₹27,999",4.3,"1,43,405","13,749",8 GB , 128 GB , 32MP ,12MP + 12MP + 8MP (OIS) ,4500,Snapdragon 888 
80,"vivo T2x 5G (Aurora Gold, 128 GB)","₹12,999",4.4,"4,25,570","23,137",6 GB , 128 GB , 8MP ,50MP + 2MP ,5000,Mediatek Dimensity 6020 
81,"SAMSUNG Galaxy F34 5G (Orchid Violet, 128 GB)","₹16,499",4.2,"9,530",740,8 GB , 128 GB , 13MP ,50MP (OIS) + 8MP + 2MP ,6000,Exynos 1280 
82,"POCO X6 Neo 5G (Martian Orange, 128 GB)","₹14,999",4.1,"7,894",680,8 GB , 128 GB , 16MP ,108MP + 2MP ,5000,Dimensity 6080 
83,"vivo T2x 5G (Black Gladiator, 128 GB)","₹11,999",4.4,"1,78,797","9,228",4 GB , 128 GB , 8MP ,50MP + 2MP ,5000,Mediatek Dimensity 6020 
84,"vivo T2x 5G (Sunstone Orange, 128 GB)","₹11,999",4.4,"1,78,797","9,228",4 GB , 128 GB , 8MP ,50MP + 2MP ,5000,Mediatek Dimensity 6020 
85,"realme C65 5G (Glowing Black, 128 GB)","₹11,499",4.1,"1,654",65,4 GB , 128 GB , 8MP ,50MP Rear Camera ,| 8MP Front,Dimensity 6300 
86,"realme C65 5G (Feather Green, 128 GB)","₹11,499",4.1,"1,654",65,4 GB , 128 GB , 8MP ,50MP Rear Camera ,| 8MP Front,Dimensity 6300 
87,"vivo T2x 5G (Aurora Gold, 128 GB)","₹11,999",4.4,"1,78,797","9,228",4 GB , 128 GB , 8MP ,50MP + 2MP ,5000,Mediatek Dimensity 6020 
88,"SAMSUNG Galaxy F15 5G (Jazzy Green, 128 GB)","₹14,499",4.2,"19,157","1,602",6 GB , 128 GB , 13MP ,50MP + 5MP + 2MP ,6000,MediaTek Dimensity 6100+ 
89,"SAMSUNG Galaxy M34 5G without charger (Midnight Blue, 128 GB)","₹14,486",4.2,"3,570",266,6 GB , 128 GB ,,50MP Rear Camera6000 mAh BatteryDomestic 1 Year of Device & 6 Months for In-Box Accessories,6000,Domestic 1 Year of Device & 6 Months for In-Box Accessories
90,"POCO M6 Pro 5G (Power Black, 256 GB)","₹13,999",4.2,"21,877","1,650",8 GB , 256 GB , 8MP ,50MP + 2MP ,5000,Snapdragon 4 Gen 2 
91,"POCO X6 5G (Mirror Black, 256 GB)","₹18,999",4.2,"11,568","1,434",8 GB , 256 GB , 16MP ,64MP + 8MP + 2MP ,5100,7s Gen 2 Mobile Platform 5G 
92,"realme GT 6T 5G (Razor Green, 512 GB)","₹38,852",4.4,122,9,12 GB , 512 GB ,,50MP Rear Camera5500 mAh Battery1 Year,5500,1 Year
93,"realme GT 6T 5G (Fluid Silver, 128 GB)","₹29,037",4.5,262,14,8 GB , 128 GB ,,50MP Rear Camera5500 mAh Battery1 Year,5500,1 Year
94,"SAMSUNG Galaxy F15 5G (Ash Black, 128 GB)","₹15,999",4.2,"2,236",96,8 GB , 128 GB , 13MP ,50MP + 5MP + 2MP ,6000,MediaTek Dimensity 6100+ 
95,"SAMSUNG Galaxy M14 5G (Smoky Teal, 128 GB)","₹12,189",4.2,"23,974","1,519",6 GB , 128 GB ,,50MP Rear Camera6000 mAh Battery1 year manufacturer for handset and 6 month for accessories,6000,1 year manufacturer for handset and 6 month for accessories
96,"SAMSUNG Galaxy F15 5G (Ash Black, 128 GB)","₹15,999",4.2,"2,236",96,8 GB , 128 GB , 13MP ,50MP + 5MP + 2MP ,6000,MediaTek Dimensity 6100+ 
97,"realme NARZO 70X 5G (FOREST GREEN, 128 GB)","₹12,997",4.3,937,42,6 GB , 128 GB , 8MP ,50MP Rear Camera ,| 8MP Front,Dimensity 6100+ 5G Chipset 
98,"POCO X6 Pro 5G (Racing Grey, 512 GB)","₹25,999",4.3,"8,016","1,069",12 GB , 512 GB , 16MP ,64MP + 8MP + 2MP ,5000,Dimensity D8300 Ultra 
99,"realme GT 6T 5G (Razor Green, 256 GB)","₹34,947",4.4,122,9,12 GB , 256 GB ,,50MP Rear Camera5500 mAh Battery1 Year,5500,1 Year
100,"SAMSUNG Galaxy F15 5G (Groovy Violet, 128 GB)","₹15,999",4.2,"2,236",96,8 GB , 128 GB , 13MP ,50MP + 5MP + 2MP ,6000,MediaTek Dimensity 6100+ 
101,"realme GT 6T 5G (Fluid Silver, 256 GB)","₹34,948",4.4,122,9,12 GB , 256 GB ,,50MP Rear Camera5500 mAh Battery1 Year,5500,1 Year
102,"SAMSUNG Galaxy F14 5G (B.A.E. Purple, 128 GB)","₹11,990",4.2,"1,16,524","8,328",6 GB , 128 GB , 13MP ,50MP + 2MP ,6000,"Exynos 1330, Octa Core "
103,"realme Narzo 70 Pro 5G (Glass Green, 256 GB)","₹18,393",4.3,"1,765",131,8 GB , 256 GB ,,50MP Rear Camera5000 mAh Battery1 Year Domestic Warranty for Phone and 6 Months Warranty for In-Box Accessories,5000,1 Year Domestic Warranty for Phone and 6 Months Warranty for In-Box Accessories
104,"Samsung Galaxy S21 FE 5G with Snapdragon 888 (Navy, 128 GB)","₹27,999",4.3,"1,43,405","13,749",8 GB , 128 GB , 32MP ,12MP + 12MP + 8MP (OIS) ,4500,Snapdragon 888 
105,"realme NARZO 70X 5G (FOREST GREEN, 128 GB)","₹12,734",4.1,126,4,4 GB , 128 GB , 8MP ,50MP Rear Camera ,| 8MP Front,Dimensity 6100+ 5G Chipset 
106,"realme Narzo 70 Pro 5G (Glass Gold, 256 GB)","₹18,130",4.3,"1,765",131,8 GB , 256 GB ,,50MP Rear Camera5000 mAh Battery1 Year Domestic Warranty for Phone and 6 Months Warranty for In-Box Accessories,5000,1 Year Domestic Warranty for Phone and 6 Months Warranty for In-Box Accessories
107,"SAMSUNG Galaxy F15 5G (Ash Black, 128 GB)","₹12,999",4.2,"7,350",649,4 GB , 128 GB , 13MP ,50MP + 5MP + 2MP ,6000,MediaTek Dimensity 6100+ 
108,"POCO F6 5G (Black, 256 GB)","₹29,999",4.2,"1,631",148,8 GB , 256 GB , 20MP ,50MP (OIS) + 8MP ,5000,8s Gen3 
109,"POCO X6 5G (Snowstorm White, 256 GB)","₹18,999",4.2,"11,568","1,434",8 GB , 256 GB , 16MP ,64MP + 8MP + 2MP ,5100,7s Gen 2 Mobile Platform 5G 
110,"SAMSUNG Galaxy F15 5G (Groovy Violet, 128 GB)","₹12,999",4.2,"7,350",649,4 GB , 128 GB , 13MP ,50MP + 5MP + 2MP ,6000,MediaTek Dimensity 6100+ 
111,"POCO X6 5G (Snowstorm White, 256 GB)","₹19,999",4.3,"3,158",352,12 GB , 256 GB , 16MP ,64MP + 8MP + 2MP ,5100,7s Gen 2 Mobile Platform 5G 
112,"SAMSUNG Galaxy M14 5G (Berry Blue, 128 GB)","₹13,499",4.2,"23,974","1,519",6 GB , 128 GB ,,50MP Rear Camera6000 mAh Battery1 year for handset and 6 month for accessories,6000,1 year for handset and 6 month for accessories
113,"realme NARZO 70X 5G (ICE BLUE, 128 GB)","₹12,802",4.3,937,42,6 GB , 128 GB , 8MP ,50MP Rear Camera ,| 8MP Front,Dimensity 6100+ 5G Chipset 
114,"realme GT 6T 5G (Fluid Silver, 256 GB)","₹29,499",4.5,262,14,8 GB , 256 GB ,,50MP Rear Camera5500 mAh Battery1 Year,5500,1 Year
115,"SAMSUNG Galaxy M14 4G (Sapphire Blue, 64 GB)","₹13,999",3.9,394,13,4 GB , 64 GB ,,50MP Rear Camera6000 mAh Battery1 year for handset and 6 month for accessories,6000,1 year for handset and 6 month for accessories
116,"realme NARZO 70X 5G (ICE BLUE, 128 GB)","₹11,918",4.1,126,4,4 GB , 128 GB , 8MP ,50MP Rear Camera ,| 8MP Front,Dimensity 6100+ 5G Chipset 
117,"SAMSUNG Galaxy M14 5G (Smoky Teal, 128 GB)","₹11,499",4.2,"6,196",334,4 GB , 128 GB ,,50MP Rear Camera6000 mAh Battery1 year for handset and 6 month for accessories,6000,1 year for handset and 6 month for accessories
118,"realme GT 6T 5G (Razor Green, 256 GB)","₹29,600",4.5,262,14,8 GB , 256 GB ,,50MP Rear Camera5500 mAh Battery1 Year,5500,1 Year
119,"realme Narzo N65 5G (Amber Gold, 128 GB)","₹11,688",4.4,391,6,6 GB , 128 GB ,,50MP Rear Camera5000 mAh Battery1 Year,5000,1 Year
120,"vivo T2x 5G (Glimmer Black, 128 GB)","₹13,999",4.4,"1,78,797","9,228",4 GB , 128 GB , 8MP ,50MP + 2MP ,5000,Mediatek Dimensity 6020 
121,"SAMSUNG Galaxy F15 5G (Jazzy Green, 128 GB)","₹15,999",4.2,"2,236",96,8 GB , 128 GB , 13MP ,50MP + 5MP + 2MP ,6000,MediaTek Dimensity 6100+ 
122,"SAMSUNG Galaxy M14 5G (Berry Blue, 128 GB)","₹11,499",4.2,"6,196",334,4 GB , 128 GB , 13MP + 13MP Dual ,50MP + 50MP ,6000,Samsung Exynos 1330 
123,"SAMSUNG Galaxy F14 5G (OMG Black, 128 GB)","₹11,990",4.2,"1,16,524","8,328",6 GB , 128 GB , 13MP ,50MP + 2MP ,6000,"Exynos 1330, Octa Core "
124,"POCO F6 5G (Titanium, 512 GB)","₹33,999",4.2,"1,106",116,12 GB , 512 GB , 20MP ,50MP (OIS) + 8MP ,5000,8s Gen3 
125,"POCO X6 5G (Mirror Black, 256 GB)","₹19,999",4.3,"3,158",352,12 GB , 256 GB , 16MP ,64MP + 8MP + 2MP ,5100,7s Gen 2 Mobile Platform 5G 
126,"Motorola G32 (Satin Maroon, 128 GB)","₹10,999",4.2,"1,21,656","9,907",8 GB , 128 GB , 16MP ,50MP + 8MP + 2MP ,5000,Qualcomm Snapdragon 680 
127,"realme NARZO N65 5G (AMBER GOLD, 128 GB)","₹12,207",4.4,391,6,6 GB , 128 GB ,,50MP Rear Camera5000 mAh Battery1 Year,5000,1 Year
128,"realme 12 Pro+ 5G (Navigator Beige, 256 GB)","₹30,999",4.4,"5,233",595,12 GB , 256 GB , 32MP ,50MP + 8MP + 64MP ,5000,Snapdragon 7s Gen 2 
129,"realme Narzo N55 (Prime Black, 128 GB)","₹10,409",4.3,"6,704",359,6 GB , 128 GB ,,64MP Rear Camera5000 mAh Battery1 Year Domestic Warranty for Phone and 6 Months Warranty for In-Box Accessories,5000,1 Year Domestic Warranty for Phone and 6 Months Warranty for In-Box Accessories
130,"realme 12 Pro+ 5G (Explorer Red, 256 GB)","₹28,999",4.4,"15,711","2,061",8 GB , 256 GB , 32MP ,50MP + 8MP + 64MP ,5000,Snapdragon 7s Gen 2 
131,"realme NARZO N65 5G (AMBER GOLD, 128 GB)","₹11,319",4.3,62,1,4 GB , 128 GB ,,50MP Rear Camera5000 mAh Battery1 Year,5000,1 Year
132,"POCO X6 Pro 5G (Yellow, 512 GB)","₹25,999",4.3,"8,016","1,069",12 GB , 512 GB , 16MP ,64MP + 8MP + 2MP ,5000,Dimensity D8300 Ultra 
133,"SAMSUNG Galaxy F14 5G (GOAT Green, 128 GB)","₹11,990",4.2,"1,16,524","8,328",6 GB , 128 GB , 13MP ,50MP + 2MP ,6000,"Exynos 1330, Octa Core "
134,"POCO X6 Pro 5G (Yellow, 256 GB)","₹23,999",4.3,"9,056","1,204",8 GB , 256 GB , 16MP ,64MP + 8MP + 2MP ,5000,Dimensity D8300 Ultra 
135,"SAMSUNG Galaxy M14 5G (Icy Silver, 128 GB)","₹12,900",4.2,"23,974","1,519",6 GB , 128 GB ,,50MP Rear Camera6000 mAh Battery1 year,6000,1 year
136,"realme 12 Pro+ 5G (Navigator Beige, 256 GB)","₹28,999",4.4,"15,711","2,061",8 GB , 256 GB , 32MP ,50MP + 8MP + 64MP ,5000,Snapdragon 7s Gen 2 
137,"realme 12 Pro+ 5G (Submarine Blue, 256 GB)","₹28,999",4.4,"15,711","2,061",8 GB , 256 GB , 32MP ,50MP + 8MP + 64MP ,5000,Snapdragon 7s Gen 2 
138,"realme 12 Pro+ 5G (Explorer Red, 256 GB)","₹30,999",4.4,"5,233",595,12 GB , 256 GB , 32MP ,50MP + 8MP + 64MP ,5000,Snapdragon 7s Gen 2 
139,"realme 12 Pro+ 5G (Submarine Blue, 256 GB)","₹30,999",4.4,"5,233",595,12 GB , 256 GB , 32MP ,50MP + 8MP + 64MP ,5000,Snapdragon 7s Gen 2 
140,"realme NARZO N65 5G (DEEP GREEN, 128 GB)","₹12,258",4.4,391,6,6 GB , 128 GB ,,50MP Rear Camera5000 mAh Battery1 Year,5000,1 Year
141,"realme 12 Pro+ 5G (Submarine Blue, 128 GB)","₹29,999",4.4,"15,711","2,061",8 GB , 128 GB , 32MP ,50MP + 8MP + 64MP ,5000,Snapdragon 7s Gen 2 
142,"realme Narzo N65 5G (Deep Green, 128 GB)","₹12,158",4.4,391,6,6 GB , 128 GB ,,50MP Rear Camera5000 mAh Battery1 Year,5000,1 Year
143,"vivo Y27 (Burgundy Black, 128 GB)","₹10,999",4.2,"2,138",98,6 GB , 128 GB , 8MP ,50MP + 2MP ,5000,Helio G85 
144,"OPPO Reno11 Pro 5G (Pearl White, 256 GB)","₹37,999",4.3,"2,754",371,12 GB , 256 GB , 32MP ,50MP + 8MP + 32MP ,4600,Mediatek Dimensity 8200 
145,"POCO X6 Pro 5G (Spectre Black, 256 GB)","₹23,999",4.3,"9,056","1,204",8 GB , 256 GB , 16MP ,64MP + 8MP + 2MP ,5000,Dimensity D8300 Ultra 
146,"POCO X6 5G (Skyline Blue, 256 GB)","₹19,999",4.3,"3,158",352,12 GB , 256 GB , 16MP ,64MP + 8MP + 2MP ,5100,7s Gen 2 Mobile Platform 5G 
147,"vivo Y27 (Sea Blue, 128 GB)","₹13,999",4.2,"2,138",98,6 GB , 128 GB , 8MP ,50MP + 2MP ,5000,Helio G85 
148,"SAMSUNG Galaxy Z Flip3 5G (Cream, 128 GB)","₹37,999",4.3,"8,624",540,8 GB , 128 GB , 10MP ,12MP + 12MP ,3300,Qualcomm Snapdragon 888 Octa-Core 
149,"SAMSUNG Galaxy F14 5G (OMG Black, 128 GB)","₹10,990",4.2,"44,590","2,946",4 GB , 128 GB , 13MP ,50MP + 2MP ,6000,"Exynos 1330, Octa Core "
150,"Motorola G32 (Mineral Gray, 128 GB)","₹10,999",4.2,"1,21,656","9,907",8 GB , 128 GB , 16MP ,50MP + 8MP + 2MP ,5000,Qualcomm Snapdragon 680 
151,"realme Narzo N55 (Prime Blue, 128 GB)","₹10,960",4.3,"6,704",359,6 GB , 128 GB ,,64MP Rear Camera5000 mAh Battery1 Year Domestic Warranty for Phone and 6 Months Warranty for In-Box Accessories,5000,1 Year Domestic Warranty for Phone and 6 Months Warranty for In-Box Accessories
152,"POCO X6 Neo 5G (Astral Black, 128 GB)","₹14,999",4.1,"7,894",680,8 GB , 128 GB , 16MP ,108MP + 2MP ,5000,Dimensity 6080 
153,"realme Narzo N65 5G (Amber Gold, 128 GB)","₹11,065",4.3,62,1,4 GB , 128 GB ,,50MP Rear Camera5000 mAh Battery1 Year,5000,1 Year
154,"POCO X6 5G (Mirror Black, 512 GB)","₹21,999",4.3,"3,158",352,12 GB , 512 GB , 16MP ,64MP + 8MP + 2MP ,5100,7s Gen 2 Mobile Platform 5G 
155,"OPPO Reno11 Pro 5G (Rock Grey, 256 GB)","₹37,999",4.3,"2,754",371,12 GB , 256 GB , 32MP ,50MP + 8MP + 32MP ,4600,Mediatek Dimensity 8200 
156,"realme NARZO 70 5G (ICE BLUE, 128 GB)","₹16,085",4.3,297,15,8 GB , 128 GB , 16MP ,50MP Rear Camera ,| 16MP Front,1 Year Domestic Warranty for Phone and 6 Months Warranty for In-Box Accessories
157,"vivo Y18 (Gem Green, 128 GB)","₹10,498",4,338,9,4 GB , 128 GB , 8MP ,50MP + 0.08MP ,5000,Helios G85 
158,"OPPO A59 5G (Silk Gold, 128 GB)","₹13,999",4.3,870,46,4 GB , 128 GB , 8MP ,13MP + 2MP ,5000,Dimensity 6020 
159,"Motorola Edge 40 Neo (Peach Fuzz, 128 GB)","₹22,999",4.3,"52,805","5,640",8 GB , 128 GB , 32MP ,50MP + 13MP ,5000,Dimensity 7030 
160,"POCO F6 5G (Titanium, 256 GB)","₹29,999",4.2,"1,631",148,8 GB , 256 GB , 20MP ,50MP (OIS) + 8MP ,5000,8s Gen3 
161,"realme narzo 70 5G (Ice Blue, 128 GB)","₹14,956",4.3,276,13,6 GB , 128 GB ,,50MP Rear Camera5000 mAh Battery1 Year Domestic Warranty for Phone and 6 Months Warranty for In-Box Accessories,5000,1 Year Domestic Warranty for Phone and 6 Months Warranty for In-Box Accessories
162,"SAMSUNG Galaxy S23 FE (Mint, 128 GB)","₹39,999",4.3,"8,349",560,8 GB , 128 GB , 10MP ,50MP + 12MP ,4500,Samsung Exynos 2200 
163,"SAMSUNG Galaxy M14 5G (ICY Silver, 128 GB)","₹11,990",4.2,"6,196",334,4 GB , 128 GB , 1920MP + 2MP Dual ,50MP + 50MP ,6000,Exynos 
164,"OPPO Reno11 5G (Wave Green, 256 GB)","₹29,999",4.3,"9,730",953,8 GB , 256 GB , 32MP ,50MP + 8MP + 32MP ,5000,Mediatek Dimensity 7050 
165,"POCO X6 5G (Snowstorm White, 512 GB)","₹21,999",4.3,"3,158",352,12 GB , 512 GB , 16MP ,64MP + 8MP + 2MP ,5100,7s Gen 2 Mobile Platform 5G 
166,"OPPO A59 5G (Starry Black, 128 GB)","₹15,499",4.3,"1,786",91,6 GB , 128 GB , 8MP ,13MP + 2MP ,5000,Dimensity 6020 
167,"OPPO Reno11 5G (Rock Grey, 128 GB)","₹27,999",4.3,"9,730",953,8 GB , 128 GB , 32MP ,50MP + 8MP + 32MP ,5000,Mediatek Dimensity 7050 
168,"OPPO A59 5G (Silk Gold, 128 GB)","₹15,499",4.3,"1,786",91,6 GB , 128 GB , 8MP ,13MP + 2MP ,5000,Dimensity 6020 
169,"realme narzo 70 5G (Forest Green, 128 GB)","₹15,190",4.3,276,13,6 GB , 128 GB ,,50MP Rear Camera5000 mAh Battery1 Year Domestic Warranty for Phone and 6 Months Warranty for In-Box Accessories,5000,1 Year Domestic Warranty for Phone and 6 Months Warranty for In-Box Accessories
170,"SAMSUNG Galaxy S23 FE (Graphite, 128 GB)","₹39,999",4.3,"8,349",560,8 GB , 128 GB , 10MP ,50MP + 12MP ,4500,Samsung Exynos 2200 
171,"OPPO A38 (Glowing Black, 128 GB)","₹10,499",4.3,"1,216",43,4 GB , 128 GB , 5MP ,50MP + 2MP ,5000,Helio G70 (MT6769) 
172,"vivo Y27 (Garden Green, 128 GB)","₹10,999",4.2,"2,138",98,6 GB , 128 GB , 8MP ,50MP + 2MP ,5000,Helio G85 
173,"OPPO A38 (Glowing Gold, 128 GB)","₹10,499",4.3,"1,216",43,4 GB , 128 GB , 5MP ,50MP + 2MP ,5000,Helio G70 (MT6769) 
174,"POCO F6 5G (Black, 512 GB)","₹33,999",4.2,"1,106",116,12 GB , 512 GB , 20MP ,50MP (OIS) + 8MP ,5000,8s Gen3 
175,"OPPO Reno11 5G (Rock Grey, 256 GB)","₹29,999",4.3,"9,730",953,8 GB , 256 GB , 32MP ,50MP + 8MP + 32MP ,5000,Mediatek Dimensity 7050 
176,"POCO X6 5G (Skyline Blue, 256 GB)","₹18,999",4.2,"11,568","1,434",8 GB , 256 GB , 16MP ,64MP + 8MP + 2MP ,5100,7s Gen 2 Mobile Platform 5G 
177,"realme Narzo 70 Pro 5G (Gold, Glass Gold, 128 GB)","₹17,021",4.3,"1,765",131,8 GB , 128 GB , 16MP ,50MP Rear Camera ,| 16MP Front,1 Year Domestic Warranty for Phone and 6 Months Warranty for In-Box Accessories
178,"OPPO Reno11 5G (Wave Green, 128 GB)","₹27,999",4.3,"9,730",953,8 GB , 128 GB , 32MP ,50MP + 8MP + 32MP ,5000,Mediatek Dimensity 7050 
179,"SAMSUNG Galaxy A35 5G (Awesome Iceblue, 128 GB)","₹30,999",4.3,410,28,8 GB , 128 GB , 13MP ,50MP + 8MP + 5MP ,5000,Samsung Exynos 1380 
180,"realme Narzo 70 Pro 5G (Green, Glass Green, 128 GB)","₹17,388",4.3,"1,765",131,8 GB , 128 GB ,,50MP Rear Camera5000 mAh Battery1 Year Domestic Warranty for Phone and 6 Months Warranty for In-Box Accessories,5000,1 Year Domestic Warranty for Phone and 6 Months Warranty for In-Box Accessories
181,"realme NARZO N65 5G (DEEP GREEN, 128 GB)","₹11,398",4.3,62,1,4 GB , 128 GB ,,50MP Rear Camera5000 mAh Battery1 Year,5000,1 Year
182,"realme GT 6 (Fluid Silver, 256 GB)","₹40,999",4.5,280,32,8 GB , 256 GB , 32MP ,50MP + 8MP + 50MP ,5500,8s Gen 3 Mobile Platform 
183,"vivo V30e (Silk Blue, 256 GB)","₹29,999",4.4,"2,272",165,8 GB , 256 GB , 50MP ,50MP + 8MP ,5500,6 Gen 1 
184,"Motorola Edge 40 Neo (Soothing Sea, 128 GB)","₹22,999",4.3,"52,805","5,640",8 GB , 128 GB , 32MP ,50MP + 13MP ,5000,Dimensity 7030 
185,"SAMSUNG A05 (Black, 64 GB)","₹12,499",3.7,131,3,4 GB , 64 GB , 8MP ,50MP + 5MP ,5000,MediaTek Helio G85 
186,"realme NARZO 70 5G (FOREST GREEN, 128 GB)","₹16,669",4.3,297,15,8 GB , 128 GB , 16MP ,50MP Rear Camera ,| 16MP Front,1 Year Domestic Warranty for Phone and 6 Months Warranty for In-Box Accessories
187,"vivo V30e (Velvet Red, 128 GB)","₹27,999",4.4,"2,272",165,8 GB , 128 GB , 50MP ,50MP + 8MP ,5500,6 Gen 1 
188,"vivo V30e (Silk Blue, 128 GB)","₹27,999",4.4,"2,272",165,8 GB , 128 GB , 50MP ,50MP + 8MP ,5500,6 Gen 1 
189,"SAMSUNG Galaxy S23 FE (Graphite, 256 GB)","₹44,999",4.3,"8,349",560,8 GB , 256 GB , 10MP ,50MP + 12MP ,4500,Samsung Exynos 2200 
190,"vivo V30e (Velvet Red, 256 GB)","₹29,999",4.4,"2,272",165,8 GB , 256 GB , 50MP ,50MP + 8MP ,5500,6 Gen 1 
191,"OPPO A78 (Mist Black, 128 GB)","₹15,499",4.3,858,56,8 GB , 128 GB , 8MP ,50MP + 2MP ,5000,Snapdragon 680 
192,"SAMSUNG Galaxy S23 5G (Green, 128 GB)","₹49,999",4.5,"10,258",984,8 GB , 128 GB , 12MP ,50MP + 10MP + 12MP ,3900,Qualcomm Snapdragon 8 Gen 2 
193,"realme GT 6 (Fluid Silver, 256 GB)","₹42,999",4.4,80,10,12 GB , 256 GB , 32MP ,50MP + 8MP + 50MP ,5500,8s Gen 3 Mobile Platform 
194,"realme GT 6 (Razor Green, 256 GB)","₹42,999",4.4,80,10,12 GB , 256 GB , 32MP ,50MP + 8MP + 50MP ,5500,8s Gen 3 Mobile Platform 
195,"SAMSUNG Galaxy A15 5G (Light Blue, 128 GB)","₹17,999",4.4,49,1,6 GB , 128 GB , 13MP ,50MP + 5MP + 2MP ,5000,Dimensity 6100+ 
196,"realme GT 6 (Fluid Silver, 512 GB)","₹44,999",4.5,400,39,16 GB , 512 GB , 32MP ,50MP + 8MP + 50MP ,5500,8s Gen 3 Mobile Platform 
197,"realme GT 6 (Razor Green, 512 GB)","₹44,999",4.5,400,39,16 GB , 512 GB , 32MP ,50MP + 8MP + 50MP ,5500,8s Gen 3 Mobile Platform 
198,"realme GT 6 (Razor Green, 256 GB)","₹40,999",4.5,280,32,8 GB , 256 GB , 32MP ,50MP + 8MP + 50MP ,5500,8s Gen 3 Mobile Platform 
199,"Motorola Edge 50 Ultra 5G (Forest Grey, 512 GB)","₹54,999",4.3,476,41,12 GB , 512 GB , 50MP ,50MP + 50MP + 64MP ,4500,8s Gen 3 Mobile Platform 
200,"SAMSUNG Galaxy M14 5G (Berry Blue, 128 GB)","₹12,699",4.2,"23,974","1,519",6 GB , 128 GB ,,50MP Rear Camera6000 mAh Battery1 year for handset and 6 month for accessories,6000,1 year for handset and 6 month for accessories
201,"SAMSUNG Galaxy S23 5G (Phantom Black, 256 GB)","₹54,999",4.5,"10,258",984,8 GB , 256 GB , 12MP ,50MP + 10MP + 12MP ,3900,Qualcomm Snapdragon 8 Gen 2 
202,"OPPO F27 Pro+ (Midnight Navy, 128 GB)","₹27,999",4.2,799,36,8 GB , 128 GB , 8MP ,64MP + 2MP ,5000,Dimensity 7050 
203,"OPPO F27 Pro+ (Dusk Pink, 128 GB)","₹27,999",4.2,799,36,8 GB , 128 GB , 8MP ,64MP + 2MP ,5000,Dimensity 7050 
204,"OPPO A59 5G (Starry Black, 128 GB)","₹13,999",4.3,870,46,4 GB , 128 GB , 8MP ,13MP + 2MP ,5000,Dimensity 6020 
205,"SAMSUNG Galaxy S23 5G (Lavender, 256 GB)","₹54,999",4.5,"10,258",984,8 GB , 256 GB , 12MP ,50MP + 10MP + 12MP ,3900,Qualcomm Snapdragon 8 Gen 2 
206,"realme 12 5G (Twilight Purple, 128 GB)","₹16,999",4.3,"6,557",437,6 GB , 128 GB , 8MP ,108MP + 2MP ,5000,Dimensity 6100+ 
207,"realme 12 5G (Woodland Green, 128 GB)","₹16,999",4.3,"6,557",437,6 GB , 128 GB , 8MP ,108MP + 2MP ,5000,Dimensity 6100+ 
208,"realme Narzo N53 (Feather Gold, 128 GB)","₹10,999",4.2,"1,785",91,8 GB , 128 GB ,,"50MP Rear Camera5000 mAh BatteryAndroid 13, Realme UI T ProcessorDomestic 1 Year on Handset and 6 Months on Accessories",5000,"Android 13, Realme UI T "
209,"realme 12 5G (Woodland Green, 128 GB)","₹17,999",4.3,"1,751",101,8 GB , 128 GB , 8MP ,108MP + 2MP ,5000,Dimensity 6100+ 
210,"SAMSUNG Galaxy S23 FE (Mint, 256 GB)","₹44,999",4.3,"8,349",560,8 GB , 256 GB , 10MP ,50MP + 12MP ,4500,Samsung Exynos 2200 
211,"realme Narzo N53 (Feather Gold, 128 GB)","₹10,468",4.2,"4,846",249,6 GB , 128 GB ,,50MP Rear Camera5000 mAh BatteryDomestic 1 Year on Handset and 6 Months on Accessories,5000,Domestic 1 Year on Handset and 6 Months on Accessories
212,"Motorola Edge 50 Ultra 5G (Peach Fuzz, 512 GB)","₹54,999",4.3,476,41,12 GB , 512 GB , 50MP ,50MP + 50MP + 64MP ,4500,8s Gen 3 Mobile Platform 
213,"Motorola Edge 50 Pro 5G with 68W Charger (Vanilla Cream, 256 GB)","₹31,999",4.4,"18,295","1,604",8 GB , 256 GB , 50MP ,50MP + 13MP + 10MP ,4500,7 Gen 3 Mobile Platform 
214,"SAMSUNG Galaxy M14 4G (Arctic Blue, 128 GB)","₹10,989",3.7,3,0,6 GB , 128 GB ,,50MP Rear Camera6000 mAh Battery1 year for handset and 6 month for accessories,6000,1 year for handset and 6 month for accessories
215,"realme Narzo N55 (Prime Black, 64 GB)","₹11,490",4.3,"2,825",157,4 GB , 64 GB ,,64MP Rear Camera5000 mAh Battery1 Year Domestic Warranty for Phone and 6 Months Warranty for In-Box Accessories,5000,1 Year Domestic Warranty for Phone and 6 Months Warranty for In-Box Accessories
216,"Motorola Edge 50 Pro 5G with 68W Charger (Vanilla Cream, 256 GB)","₹31,999",4.4,"18,295","1,604",8 GB , 256 GB , 50MP ,50MP + 13MP + 10MP ,4500,7 Gen 3 Mobile Platform 
217,"OPPO A78 (Aqua Green, 128 GB)","₹15,499",4.3,858,56,8 GB , 128 GB , 8MP ,50MP + 2MP ,5000,Snapdragon 680 
218,"vivo V30 5G (Classic Black, 256 GB)","₹37,999",4.5,832,83,12 GB , 256 GB , 50MP ,50MP + 50MP ,5000,7 Gen 3 
219,"POCO F6 5G (Black, 256 GB)","₹31,999",4.2,"1,106",116,12 GB , 256 GB , 20MP ,50MP (OIS) + 8MP ,5000,8s Gen3 
220,"vivo V30 5G (Classic Black, 256 GB)","₹35,999",4.5,"4,941",441,8 GB , 256 GB , 50MP ,50MP + 50MP ,5000,7 Gen 3 
221,"Motorola Edge 40 Neo (Black Beauty, 256 GB)","₹24,999",4.3,"48,438","5,934",12 GB , 256 GB , 32MP ,50MP + 13MP ,5000,Dimensity 7030 
222,"realme Narzo N63 4G (Twilight Purple, 128 GB)","₹10,000",3.4,263,6,4 GB , 128 GB ,,50MP Rear Camera5000 mAh BatteryDomestic Warranty  1 year for handset and 6 months for accessories.,5000,Domestic Warranty  1 year for handset and 6 months for accessories.
223,"OPPO F27 Pro+ (Midnight Navy, 256 GB)","₹29,999",4.2,799,36,8 GB , 256 GB , 8MP ,64MP + 2MP ,5000,Dimensity 7050 
224,"vivo V30 5G (Classic Black, 128 GB)","₹33,999",4.5,"4,941",441,8 GB , 128 GB , 50MP ,50MP + 50MP ,5000,7 Gen 3 
225,"realme 12 5G (Twilight Purple, 128 GB)","₹17,999",4.3,"1,751",101,8 GB , 128 GB , 8MP ,108MP + 2MP ,5000,Dimensity 6100+ 
226,"SAMSUNG Galaxy A15 5G (Blue Black, 256 GB)","₹22,499",4.1,"1,246",83,8 GB , 256 GB , 13MP ,50MP + 5MP + 2MP ,5000,Dimensity 6100+ 
227,"vivo V30 5G (Peacock Green, 256 GB)","₹37,999",4.5,832,83,12 GB , 256 GB , 50MP ,50MP + 50MP ,5000,7 Gen 3 
228,"SAMSUNG Galaxy S23 FE (Purple, 128 GB)","₹39,999",4.3,"8,349",560,8 GB , 128 GB , 10MP ,50MP + 12MP ,4500,Samsung Exynos 2200 
229,"vivo V30 5G (Peacock Green, 256 GB)","₹35,999",4.5,"4,941",441,8 GB , 256 GB , 50MP ,50MP + 50MP ,5000,7 Gen 3 
230,"vivo V30 5G (Andaman Blue, 256 GB)","₹35,999",4.5,"4,941",441,8 GB , 256 GB , 50MP ,50MP + 50MP ,5000,7 Gen 3 
231,"SAMSUNG Galaxy A15 5G (Blue, 128 GB)","₹17,999",4.4,49,1,6 GB , 128 GB , 13MP ,50MP + 5MP + 2MP ,5000,Dimensity 6100+ 
232,"realme Narzo N53 (Feather Black, 128 GB)","₹12,999",4.2,"1,785",91,8 GB , 128 GB ,,50MP Rear Camera5000 mAh BatteryDomestic 1 Year on Handset and 6 Months on Accessories,5000,Domestic 1 Year on Handset and 6 Months on Accessories
233,"OPPO F27 Pro+ (Dusk Pink, 256 GB)","₹29,999",4.2,799,36,8 GB , 256 GB , 8MP ,64MP + 2MP ,5000,Dimensity 7050 
234,"vivo V30 5G (Peacock Green, 128 GB)","₹33,999",4.5,"4,941",441,8 GB , 128 GB , 50MP ,50MP + 50MP ,5000,7 Gen 3 
235,"vivo V30 5G (Andaman Blue, 128 GB)","₹33,999",4.5,"4,941",441,8 GB , 128 GB , 50MP ,50MP + 50MP ,5000,7 Gen 3 
236,"SAMSUNG Galaxy S23 5G (Phantom Black, 128 GB)","₹49,999",4.5,"10,258",984,8 GB , 128 GB , 12MP ,50MP + 10MP + 12MP ,3900,Qualcomm Snapdragon 8 Gen 2 
237,"SAMSUNG Galaxy A15 5G (Blue Black, 128 GB)","₹19,499",4.1,"1,246",83,8 GB , 128 GB , 13MP ,50MP + 5MP + 2MP ,5000,Dimensity 6100+ 
238,"SAMSUNG Galaxy S23 5G (Green, 256 GB)","₹54,999",4.5,"10,258",984,8 GB , 256 GB , 12MP ,50MP + 10MP + 12MP ,3900,Qualcomm Snapdragon 8 Gen 2 
239,"OPPO A3 Pro 5G (Starry Black, 256 GB)","₹19,999",4.2,137,8,8 GB , 256 GB , 8MP ,50MP + 2MP ,5100,Dimensity 6300 5G Mobile Platform 
240,"SAMSUNG Galaxy A15 5G (Blue Black, 128 GB)","₹17,999",4.4,49,1,6 GB , 128 GB , 13MP ,50MP + 5MP + 2MP ,5000,Dimensity 6100+ 
241,"SAMSUNG Galaxy S23 Ultra 5G (Cream, 256 GB)","₹89,999",4.6,"3,603",363,12 GB , 256 GB , 12MP ,200MP + 10MP + 12MP + 10MP ,5000,Qualcomm Snapdragon 8 Gen 2 
242,"SAMSUNG Galaxy M14 5G (ICY Silver, 128 GB)","₹10,730",4.2,"6,196",334,4 GB , 128 GB ,,50MP Rear Camera6000 mAh Battery1 year for handset and 6 month for accessories,6000,1 year for handset and 6 month for accessories
243,"OPPO A3 Pro 5G (Moonlight Purple, 256 GB)","₹19,999",4.2,137,8,8 GB , 256 GB , 8MP ,50MP + 2MP ,5100,Dimensity 6300 5G Mobile Platform 
244,"realme NARZO 70X 5G (Ice Blue, 128 GB)","₹13,801",4.4,53,1,8 GB , 128 GB ,,"50MP Rear Camera5000 mAh BatteryDimensity 6100 Plus, Octa Core Processor1 Year Domestic Warranty for Phone and 6 Months Warranty for In-Box Accessories",5000,"Dimensity 6100 Plus, Octa Core "
245,"OPPO A3 Pro 5G (Starry Black, 128 GB)","₹17,999",4.2,137,8,8 GB , 128 GB , 8MP ,50MP + 2MP ,5100,Dimensity 6300 5G Mobile Platform 
246,"SAMSUNG Galaxy S23 5G (Cream, 256 GB)","₹54,999",4.5,"10,258",984,8 GB , 256 GB , 12MP ,50MP + 10MP + 12MP ,3900,Qualcomm Snapdragon 8 Gen 2 
247,"OPPO F23 5G (Bold Gold, 256 GB)","₹19,700",4.2,"1,681",129,8 GB , 256 GB , 32MP ,64MP + 2MP + 2MP ,5000,Snapdragon 695 
248,"Motorola Edge 40 Neo (Black Beauty, 128 GB)","₹22,999",4.3,"52,805","5,640",8 GB , 128 GB , 32MP ,50MP + 13MP ,5000,Dimensity 7030 
249,"realme NARZO 70X 5G (Forest Green, 128 GB)","₹14,465",4.4,53,1,8 GB , 128 GB ,,"50MP Rear Camera5000 mAh BatteryDimensity 6100 Plus, Octa Core Processor1 Year Domestic Warranty for Phone and 6 Months Warranty for In-Box Accessories",5000,"Dimensity 6100 Plus, Octa Core "
250,"SAMSUNG Galaxy M34 5G without charger (Midnight Blue, 128 GB)","₹17,299",4.2,878,79,8 GB , 128 GB ,,50MP Rear Camera6000 mAh BatteryDomestic 1 Year of Device & 6 Months for In-Box Accessories,6000,Domestic 1 Year of Device & 6 Months for In-Box Accessories
251,"SAMSUNG Galaxy A35 5G (Awesome Lilac, 128 GB)","₹30,999",4.3,410,28,8 GB , 128 GB , 13MP ,50MP + 8MP + 5MP ,5000,Samsung Exynos 1380 
252,"POCO F4 5G (Night Black, 128 GB)","₹27,999",4.3,"13,567","1,833",6 GB , 128 GB , 20MP ,64MP + 8MP + 2MP ,4500,Qualcomm Snapdragon 870 
253,"Motorola G60 (Soft Silver, 128 GB)","₹14,999",4.1,"78,429","7,701",6 GB , 128 GB , 32MP ,108MP + 8MP + 2MP ,6000,Qualcomm Snapdragon 732G 
254,"vivo Y18 (Gem Green, 64 GB)","₹8,989",4,338,9,4 GB , 64 GB , 8MP ,50MP + 0.08MP ,5000,Helios G85 
255,"realme GT 6T 5G (Fluid Silver, 512 GB)","₹41,990",4.4,122,9,12 GB , 512 GB ,,50MP Rear Camera5500 mAh Battery1 Year,5500,1 Year
256,"realme GT 6T 5G (Razor Green, 128 GB)","₹33,990",4.5,262,14,8 GB , 128 GB ,,50MP Rear Camera5500 mAh Battery1 Year,5500,1 Year
257,"SAMSUNG Galaxy A35 5G (Awesome Navy, 128 GB)","₹30,999",4.3,410,28,8 GB , 128 GB , 13MP ,50MP + 8MP + 5MP ,5000,Samsung Exynos 1380 
258,"realme Narzo N65 5G (Deep Green, 128 GB)","₹11,290",4.3,62,1,4 GB , 128 GB ,,50MP Rear Camera5000 mAh Battery1 Year,5000,1 Year
259,"SAMSUNG Galaxy A35 5G (Awesome Iceblue, 256 GB)","₹33,999",4.3,410,28,8 GB , 256 GB , 13MP ,50MP + 8MP + 5MP ,5000,Samsung Exynos 1380 
260,"realme Narzo 60 5G (Mars Orange, 128 GB)","₹17,399",4.3,"7,491",478,8 GB , 128 GB ,,64MP Rear Camera5000 mAh BatteryDomestic 1 Year of Device & 6 Months for In-Box Accessories,5000,Domestic 1 Year of Device & 6 Months for In-Box Accessories
261,"POCO F4 5G (Nebula Green, 128 GB)","₹20,990",4.3,"5,775",732,8 GB , 128 GB , 20MP ,64MP + 8MP + 2MP ,4500,Qualcomm Snapdragon 870 
262,"Motorola G32 (Satin Silver, 128 GB)","₹10,999",4.2,"1,21,656","9,907",8 GB , 128 GB , 16MP ,50MP + 8MP + 2MP ,5000,Qualcomm Snapdragon 680 
263,"SAMSUNG Galaxy A15 5G (Blue, 256 GB)","₹22,499",4.1,"1,246",83,8 GB , 256 GB , 13MP ,50MP + 5MP + 2MP ,5000,Dimensity 6100+ 
264,"POCO F6 5G (Titanium, 256 GB)","₹31,999",4.2,"1,106",116,12 GB , 256 GB , 20MP ,50MP (OIS) + 8MP ,5000,8s Gen3 
265,"SAMSUNG GALAXY M13 5G (Midnight Blue, 64 GB)","₹10,990",4.2,"1,687",92,4 GB , 64 GB ,,50MP Rear Camera5000 mAh Battery12 Months Warranty,5000,12 Months Warranty
266,"SAMSUNG Galaxy M34 5G without charger (Prism Silver, 128 GB)","₹17,790",4.2,878,79,8 GB , 128 GB ,,50MP Rear Camera6000 mAh BatteryDomestic 1 Year of Device & 6 Months for In-Box Accessories,6000,Domestic 1 Year of Device & 6 Months for In-Box Accessories
267,"SAMSUNG Galaxy A14 5G (Black, 128 GB)","₹16,999",4.1,"8,265",551,6 GB , 128 GB , 13MP ,50MP + 2MP ,5000,SEC S5E8535 (Exynos 1330) 
268,"Motorola Edge 50 Ultra 5G (Nordic Wood, 512 GB)","₹54,999",4.3,476,41,12 GB , 512 GB , 50MP ,50MP + 50MP + 64MP ,4500,8s Gen 3 Mobile Platform 
269,"vivo T2 5G (Velocity Wave, 128 GB)","₹15,999",4.4,"1,09,830","7,155",6 GB , 128 GB , 16MP ,64 MP (OIS) + 2MP ,4500,Snapdragon 695 
270,"SAMSUNG Galaxy S22 5G (Green, 128 GB)","₹36,999",4.4,"19,318","1,588",8 GB , 128 GB , 10MP ,50MP + 12MP + 10MP ,3700,Snapdragon 8 Gen 1 
271,"vivo T2 5G (Nitro Blaze, 128 GB)","₹15,999",4.4,"1,09,830","7,155",6 GB , 128 GB , 16MP ,64 MP (OIS) + 2MP ,4500,Snapdragon 695 
272,"SAMSUNG Galaxy A55 5G (Awesome Navy, 256 GB)","₹42,999",4.5,117,11,8 GB , 256 GB , 32MP ,50MP + 12MP + 5MP ,5000,Samsung Exynos 1480 
273,"vivo V29 Pro 5G (Blue, 256 GB)","₹39,690",4.5,"1,646",209,12 GB , 256 GB , 50MP ,50MP + 12MP + 8MP ,4600,Dimensity 8200 
274,"SAMSUNG Galaxy S21 FE 5G (Graphite, 128 GB)","₹27,999",4.3,"1,43,405","13,749",8 GB , 128 GB , 32MP ,12MP + 12MP + 8MP (OIS) ,4500,1 Year Manufacturer Warranty for Device and 6 Months Manufacturer Warranty for In-Box Accessories
275,"SAMSUNG Galaxy M34 5G (Waterfall Blue, 128 GB)","₹16,999",4.2,391,15,8 GB , 128 GB ,,50MP Rear Camera6000 mAh BatteryDomestic 1 Year of Device & 6 Months for In-Box Accessories,6000,Domestic 1 Year of Device & 6 Months for In-Box Accessories
276,"vivo T2 5G (Nitro Blaze, 128 GB)","₹17,999",4.3,"18,905","1,305",8 GB , 128 GB , 16MP ,64 MP (OIS) + 2MP ,4500,Snapdragon 695 
277,"OPPO F25 Pro 5G (Coral Purple, 128 GB)","₹23,999",4.3,"3,321",281,8 GB , 128 GB , 32MP ,64MP + 8MP + 2MP ,5000,Dimensity 7050 
278,"vivo Y33T (Starry Gold, 128 GB)","₹13,490",4.4,"2,890",199,8 GB , 128 GB , 16MP ,50MP + 2MP + 2MP ,5000,1 Year Manufacturer Warranty for Phone and 6 Months Warranty for In the Box Accessories
279,"OPPO A3 Pro 5G (Moonlight Purple, 128 GB)","₹17,999",4.2,137,8,8 GB , 128 GB , 8MP ,50MP + 2MP ,5100,Dimensity 6300 5G Mobile Platform 
280,"realme Narzo 60 5G (Cosmic Black, 128 GB)","₹17,990",4.3,"7,491",478,8 GB , 128 GB ,,64MP Rear Camera5000 mAh BatteryDomestic 1 Year of Device & 6 Months for In-Box Accessories,5000,Domestic 1 Year of Device & 6 Months for In-Box Accessories
281,"vivo Y21T (Pearl White, 128 GB)","₹11,629",4.4,"1,949",119,4 GB , 128 GB , 8MP ,50MP + 2MP + 2MP ,5000,Qualcomm Snapdragon 680 
282,"SAMSUNG Galaxy S24 Ultra 5G (Titanium Gray, 256 GB)","₹1,29,999",4.6,"1,823",236,12 GB , 256 GB , 12MP ,200MP + 50MP + 12MP + 10MP ,5000,Snapdragon 8 Gen 3 
283,"OPPO F25 Pro 5G (Ocean Blue, 256 GB)","₹25,999",4.3,"3,321",281,8 GB , 256 GB , 32MP ,64MP + 8MP + 2MP ,5000,Dimensity 7050 
284,"OPPO F25 Pro 5G (Lava Red, 256 GB)","₹25,999",4.3,"3,321",281,8 GB , 256 GB , 32MP ,64MP + 8MP + 2MP ,5000,Dimensity 7050 
285,"OPPO Reno 12 Pro 5G (Sunset Gold, 512 GB)","₹40,999",,,,12 GB , 512 GB , 50MP ,50MP + 8MP + 50MP ,5000,Dimensity 7300 Energy 
286,"SAMSUNG Galaxy F55 5G (Raisin Black, 256 GB)","₹30,999",3.9,132,13,12 GB , 256 GB , 50MP ,50MP + 8MP + 2MP ,5000,7 Gen 1 
287,"OPPO Reno 12 Pro 5G (Space Brown, 512 GB)","₹40,999",,,,12 GB , 512 GB , 50MP ,50MP + 8MP + 50MP ,5000,Dimensity 7300 Energy 
288,"OPPO F25 Pro 5G (Ocean Blue, 128 GB)","₹23,999",4.3,"3,321",281,8 GB , 128 GB , 32MP ,64MP + 8MP + 2MP ,5000,Dimensity 7050 
289,"vivo V29 Pro 5G (Blue, 256 GB)","₹39,999",4.5,"5,921",903,8 GB , 256 GB , 50MP ,50MP + 12MP + 8MP ,4600,Dimensity 8200 
290,"OPPO Reno 12 Pro 5G (Space Brown, 256 GB)","₹36,999",,,,12 GB , 256 GB , 50MP ,50MP + 8MP + 50MP ,5000,Dimensity 7300 Energy 
291,"OPPO Reno 12 Pro 5G (Sunset Gold, 256 GB)","₹36,999",,,,12 GB , 256 GB , 50MP ,50MP + 8MP + 50MP ,5000,Dimensity 7300 Energy 
292,"vivo V29 Pro 5G (Black, 256 GB)","₹39,999",4.5,"5,921",903,8 GB , 256 GB , 50MP ,50MP + 12MP + 8MP ,4600,Dimensity 8200 
293,"SAMSUNG M15 (Celestial Blue, 128 GB)","₹11,990",4.3,57,3,4 GB , 128 GB ,,50MP Rear Camera6000 mAh Battery1 Year Manufacturer Warranty for Device and 6 Months for In-Box Accessories,6000,1 Year Manufacturer Warranty for Device and 6 Months for In-Box Accessories
294,"SAMSUNG Galaxy A54 5G (Awesome Graphite, 256 GB)","₹35,499",4.3,"3,337",317,8 GB , 256 GB , 32MP ,50MP + 12MP + 5MP ,5000,"Exynos 1380, Octa Core "
295,"SAMSUNG Galaxy A53 5G (Awesome Black, 128 GB)","₹24,999",4.3,15,1,8 GB , 128 GB ,,64MP Rear Camera5000 mAh BatteryDomestic 1 year warranty on phone & 6 months on accessories,5000,Domestic 1 year warranty on phone & 6 months on accessories
296,"SAMSUNG Galaxy S23 5G (Lavender, 128 GB)","₹49,999",4.5,"10,258",984,8 GB , 128 GB , 12MP ,50MP + 10MP + 12MP ,3900,Qualcomm Snapdragon 8 Gen 2 
297,"POCO M4 5G (Power Black, 128 GB)","₹14,999",4.2,"55,625","3,819",6 GB , 128 GB , 8MP ,50MP + 2MP ,5000,Mediatek Dimensity 700 
298,"SAMSUNG Galaxy F34 5G (Electric Black, 128 GB)","₹15,499",4.2,"40,007","3,014",6 GB , 128 GB , 13MP ,50MP (OIS) + 8MP + 2MP ,6000,Exynos 1280 
299,"OPPO A17 (Midnight Black, 64 GB)","₹10,999",4.3,"13,799",588,4 GB , 64 GB , 5MP ,50MP + 0.3MP + 0.3MP ,5000,Mediatek Helio G35 
300,"vivo V29 Pro 5G (Black, 256 GB)","₹42,999",4.5,"1,646",209,12 GB , 256 GB , 50MP ,50MP + 12MP + 8MP ,4600,Dimensity 8200 
301,"vivo X100 Pro (Asteroid Black, 512 GB)","₹89,999",4.7,575,159,16 GB , 512 GB , 32MP ,50MP + 50MP + 50MP ,5400,Dimensity 9300 
302,"realme Narzo N55 (Prime Blue, 64 GB)","₹10,498",4.3,"2,825",157,4 GB , 64 GB ,,64MP Rear Camera5000 mAh Battery1 Year Domestic Warranty for Phone and 6 Months Warranty for In-Box Accessories,5000,1 Year Domestic Warranty for Phone and 6 Months Warranty for In-Box Accessories
303,"POCO X5 Pro 5G (Horizon Blue, 256 GB)","₹22,499",4.3,"43,926","4,160",8 GB , 256 GB , 16MP ,108MP + 8MP + 2MP ,5000,Qualcomm Snapdragon 778G 
304,"SAMSUNG Galaxy S23 FE (Purple, 256 GB)","₹44,999",4.3,"8,349",560,8 GB , 256 GB , 10MP ,50MP + 12MP ,4500,Samsung Exynos 2200 
305,"SAMSUNG Galaxy A23 5G (Silver, 128 GB)","₹21,499",4,"1,192",64,8 GB , 128 GB , 8MP ,50MP + 5MP ,5000,Qualcomm Snapdragon 695 (SM6375) 
306,"SAMSUNG Galaxy A15 5G (Light Blue, 128 GB)","₹19,499",4.1,"1,246",83,8 GB , 128 GB , 13MP ,50MP + 5MP + 2MP ,5000,Dimensity 6100+ 
307,"SAMSUNG Galaxy M15 5G (Stone Grey, 128 GB)","₹12,399",4.2,133,3,4 GB , 128 GB ,,50MP Rear Camera6000 mAh Battery1 Year Manufacturer Warranty for Device.,6000,1 Year Manufacturer Warranty for Device.
308,"OPPO F25 Pro 5G (Lava Red, 128 GB)","₹23,999",4.3,"3,321",281,8 GB , 128 GB , 32MP ,64MP + 8MP + 2MP ,5000,Dimensity 7050 
309,"realme 11x 5G (Midnight Black, 128 GB)","₹14,999",4.4,"1,33,272","8,410",6 GB , 128 GB , 8MP ,64MP + 2MP ,5000,Dimensity 6100+ 
310,"realme 11x 5G (Purple Dawn, 128 GB)","₹15,999",4.3,"18,720","1,235",8 GB , 128 GB , 8MP ,64MP + 2MP ,5000,Dimensity 6100+ 
311,"realme 11x 5G (Midnight Black, 128 GB)","₹15,999",4.3,"18,720","1,235",8 GB , 128 GB , 8MP ,64MP + 2MP ,5000,Dimensity 6100+ 
312,"SAMSUNG Galaxy F12 (Sea Green, 64 GB)","₹10,499",4.3,"3,02,223","23,412",4 GB , 64 GB , 8MP ,48MP + 5MP + 2MP + 2MP ,6000,Exynos 850 
313,"vivo Y200e 5G (Saffron Delight, 128 GB)","₹20,999",4.3,604,35,8 GB , 128 GB , 16MP ,50MP + 2MP ,5000,Snapdragon 4 Gen 2 
314,"vivo Y200e 5G (Saffron Delight, 128 GB)","₹19,999",4.2,229,12,6 GB , 128 GB , 16MP ,50MP + 2MP ,5000,Snapdragon 4 Gen 2 
315,"POCO X2 (Matrix Purple, 64 GB)","₹17,999",4.5,"2,71,939","28,891",6 GB , 64 GB , 20MP + 2MP Dual ,64MP + 8MP + 2MP + 2MP ,4500,Qualcomm Snapdragon 730G 
316,"SAMSUNG Galaxy A14 5G (Light Green, 64 GB)","₹16,499",4.1,"4,070",264,4 GB , 64 GB , 13MP ,50MP + 2MP ,5000,SEC S5E8535 (Exynos 1330) 
317,"SAMSUNG Galaxy A23 5G (Orange, 128 GB)","₹19,499",4.1,"2,585",173,6 GB , 128 GB , 8MP ,50MP + 5MP ,5000,Qualcomm Snapdragon 695 (SM6375) 
318,"realme 11x 5G (Purple Dawn, 128 GB)","₹14,999",4.4,"1,33,272","8,410",6 GB , 128 GB , 8MP ,64MP + 2MP ,5000,Dimensity 6100+ 
319,"vivo Y200e 5G (Black Diamond, 128 GB)","₹20,999",4.3,604,35,8 GB , 128 GB , 16MP ,50MP + 2MP ,5000,Snapdragon 4 Gen 2 
320,"realme Narzo N63 4G (Leather Blue, 128 GB)","₹10,980",3.4,263,6,4 GB , 128 GB ,,50MP Rear Camera5000 mAh BatteryDomestic Warranty  1 year for handset and 6 months for accessories.,5000,Domestic Warranty  1 year for handset and 6 months for accessories.
321,"vivo V30 Pro 5G (Classic Black, 512 GB)","₹46,999",4.5,"1,452",184,12 GB , 512 GB , 50MP ,50MP + 50MP + 50MP ,5000,Dimensity 8200 5G 
322,"vivo V30 Pro 5G (Andaman Blue, 512 GB)","₹46,999",4.5,"1,452",184,12 GB , 512 GB , 50MP ,50MP + 50MP + 50MP ,5000,Dimensity 8200 5G 
323,"SAMSUNG Galaxy A53 (Awesome Black, 256 GB)","₹30,999",4.1,"1,871",186,8 GB , 256 GB , 32MP ,64MP + 12MP + 5MP + 5MP ,5000,Exynos Octa Core 
324,"SAMSUNG Galaxy F55 5G (Apricot Crush, 256 GB)","₹30,999",3.9,132,13,12 GB , 256 GB , 50MP ,50MP + 8MP + 2MP ,5000,7 Gen 1 
325,"POCO M5 (Icy Blue, 128 GB)","₹14,499",4.2,"20,435","1,428",6 GB , 128 GB , 8MP ,50MP + 2MP Depth Sensor + 2MP Macro Sensor ,5000,Mediatek Helio G99 
326,"vivo V30 Pro 5G (Andaman Blue, 256 GB)","₹41,999",4.5,"3,938",561,8 GB , 256 GB , 50MP ,50MP + 50MP + 50MP ,5000,Dimensity 8200 5G 
327,"vivo V30 Pro 5G (Classic Black, 256 GB)","₹41,999",4.5,"3,938",561,8 GB , 256 GB , 50MP ,50MP + 50MP + 50MP ,5000,Dimensity 8200 5G 
328,"SAMSUNG Galaxy A23 5G (Silver, 128 GB)","₹19,499",4.1,"2,585",173,6 GB , 128 GB , 8MP ,50MP + 5MP ,5000,Qualcomm Snapdragon 695 (SM6375) 
329,"vivo Y18 (Space Black, 128 GB)","₹11,890",4,338,9,4 GB , 128 GB , 8MP ,50MP + 0.08MP ,5000,Helios G85 
330,"vivo V29e 5G (Artistic Red, 256 GB)","₹27,950",4.4,"19,517","1,724",8 GB , 256 GB , 50MP ,64MP + 8MP ,5000,Snapdragon 695 
331,"SAMSUNG Galaxy M33 5G (Mystique Green, 128 GB)","₹17,999",4.2,"12,912",895,6 GB , 128 GB ,,50MP Rear Camera6000 mAh Battery12 Months Warranty,6000,12 Months Warranty
332,"SAMSUNG Galaxy Z Flip5 (Cream, 512 GB)","₹1,09,999",4.4,684,43,8 GB , 512 GB , 10MP ,12MP + 12MP ,3700,Snapdragon 8 Gen 2 
333,"realme Narzo 60X 5G (Nebula Purple, 128 GB)","₹13,549",4.3,"5,429",276,4 GB , 128 GB , 2.07MP ,50MP Rear Camera ,| 2.07MP Front,Domestic Warranty 1 Year For Handset and 6 Months For Accessories.
334,"SAMSUNG Galaxy M13 (Aqua Green, 128 GB)","₹11,999",4.2,"1,657",82,6 GB , 128 GB ,,50MP Rear Camera6000 mAh Battery12 Months Warranty,6000,12 Months Warranty
335,"POCO X5 Pro 5G (Yellow, 128 GB)","₹17,349",4.3,"30,693","3,159",6 GB , 128 GB , 16MP ,108MP + 8MP + 2MP ,5000,Qualcomm Snapdragon 778G 
336,"vivo V29e 5G (Artistic Blue, 256 GB)","₹28,940",4.4,"19,517","1,724",8 GB , 256 GB , 50MP ,64MP + 8MP ,5000,Snapdragon 695 
337,"realme Narzo 60X 5G (Nebula Purple, 128 GB)","₹14,499",4.3,"7,938",454,6 GB , 128 GB ,,50MP Rear Camera5000 mAh Batterymediatek dimensity 6100 plus processor ProcessorDomestic Warranty 1 Year For Handset and 6 Months For Accessories.,5000,mediatek dimensity 6100 plus processor 
338,"Motorola Edge 40 Neo (Soothing Sea, 256 GB)","₹24,999",4.3,"48,438","5,934",12 GB , 256 GB , 32MP ,50MP + 13MP ,5000,Dimensity 7030 
339,"vivo V23e 5G (Midnight Blue, 128 GB)","₹20,490",4.2,"2,789",238,8 GB , 128 GB , 44MP ,50MP + 8MP + 2MP ,4050,Mediatek Dimensity 810 
340,"Motorola G32 (Mineral Gray, 64 GB)","₹10,999",4.2,"45,886","3,979",4 GB , 64 GB , 16MP ,50MP + 8MP + 2MP ,5000,Qualcomm Snapdragon 680 
341,"SAMSUNG M15 (Blue Topaz, 128 GB)","₹12,699",4.3,57,3,4 GB , 128 GB ,,50MP Rear Camera6000 mAh Battery1 Year Manufacturer Warranty for Device and 6 Months for In-Box Accessories,6000,1 Year Manufacturer Warranty for Device and 6 Months for In-Box Accessories
342,"SAMSUNG Galaxy S24 5G (Amber Yellow, 512 GB)","₹89,999",4.5,992,130,8 GB , 512 GB , 12MP ,50MP + 10MP + 12MP ,4000,Exynos 2400 
343,"POCO M3 (Yellow, 64 GB)","₹11,999",4.3,"1,26,524","8,949",4 GB , 64 GB , 8MP ,48MP + 2MP + 2MP ,6000,Qualcomm Snapdragon 662 
344,"vivo V29e 5G (Artistic Blue, 128 GB)","₹25,999",4.4,"19,517","1,724",8 GB , 128 GB , 50MP ,64MP + 8MP ,5000,Snapdragon 695 
345,"vivo Y200e 5G (Black Diamond, 128 GB)","₹19,999",4.2,229,12,6 GB , 128 GB , 16MP ,50MP + 2MP ,5000,Snapdragon 4 Gen 2 
346,"OPPO A79 5G (Mystery Black, 128 GB)","₹17,499",4.3,"2,063",118,8 GB , 128 GB ,,"Rear Camera: 50MP AI Camera, 2MP Portrait Camera ",: 50MP AI,Mediatek Dimensity 6020 
347,"OPPO A79 5G (Glowing Green, 128 GB)","₹17,499",4.3,"2,063",118,8 GB , 128 GB ,,"Rear Camera: 50MP AI Camera, 2MP Portrait Camera ",: 50MP AI,Mediatek Dimensity 6020 
348,"SAMSUNG Galaxy A14 5G (Dark Red, 128 GB)","₹16,999",4.1,"8,265",551,6 GB , 128 GB , 13MP ,50MP + 2MP ,5000,SEC S5E8535 (Exynos 1330) 
349,"vivo V29e 5G (Artistic Red, 128 GB)","₹25,999",4.4,"19,517","1,724",8 GB , 128 GB , 50MP ,64MP + 8MP ,5000,Snapdragon 695 
350,"SAMSUNG Galaxy A14 5G (Light Green, 128 GB)","₹16,999",4.1,"8,265",551,6 GB , 128 GB , 13MP ,50MP + 2MP ,5000,SEC S5E8535 (Exynos 1330) 
351,"vivo V23e 5G (Sunshine Gold, 128 GB)","₹20,499",4.2,"2,789",238,8 GB , 128 GB , 44MP ,50MP + 8MP + 2MP ,4050,Mediatek Dimensity 810 
352,"Samsung Galaxy S21 FE 5G with Snapdragon 888 (Olive, 256 GB)","₹49,999",4.3,"1,43,405","13,749",8 GB , 256 GB , 32MP ,12MP + 12MP + 8MP (OIS) ,4500,Snapdragon 888 
353,"SAMSUNG Galaxy A23 5G (Light Blue, 128 GB)","₹21,499",4,"1,192",64,8 GB , 128 GB , 8MP ,50MP + 5MP ,5000,Qualcomm Snapdragon 695 (SM6375) 
354,"POCO X4 Pro 5G (Laser Blue, 128 GB)","₹19,999",4.2,"92,479","8,763",6 GB , 128 GB , 16MP ,64MP + 8MP + 2MP ,5000,Qualcomm Snapdragon 695 5G 
355,"SAMSUNG Galaxy F12 (Sky Blue, 128 GB)","₹11,499",4.3,"3,02,223","23,412",4 GB , 128 GB , 8MP ,48MP + 5MP + 2MP + 2MP ,6000,Exynos 850 
356,"SAMSUNG galaxy M15 5G (Celestrial Blue, 128 GB)","₹13,975",4.2,533,25,6 GB , 128 GB ,,50MP Rear Camera6000 mAh BatteryMediaTek ProcessorDomestic Warranty Of 1 Year For Handset And 6 Month For Accessories.,6000,MediaTek 
357,"SAMSUNG Galaxy A14 (Black, 64 GB)","₹13,999",3.9,145,13,4 GB , 64 GB , 13MP ,50MP + 5MP + 2MP ,5000,"Exynos 850, Octa Core "
358,"SAMSUNG Galaxy A05 (Black, 128 GB)","₹12,499",4,26,0,6 GB , 128 GB , 8MP ,50MP + 2MP ,5000,Helio G85 
359,"SAMSUNG Galaxy M15 5G (Stone Grey, 128 GB)","₹13,990",4.2,533,25,6 GB , 128 GB ,,50MP Rear Camera6000 mAh Batteryproximity sensor ProcessorDomestic Warranty Of 1 Year For Handset And 6 Month For Accessories.,6000,proximity sensor 
360,"vivo Y53s (Fantastic Rainbow, 128 GB)","₹15,887",4.3,"20,093","1,627",8 GB , 128 GB , 16MP ,64MP + 2MP + 2MP ,5000,MediaTek Helio G80 
361,"vivo Y200 5G (Jungle Green, 256 GB)","₹22,730",4.4,"2,674",186,8 GB , 256 GB , 16MP ,64MP + 2MP ,4800,4 Gen 1 
362,"POCO M5 (Power Black, 128 GB)","₹14,499",4.2,"20,435","1,428",6 GB , 128 GB , 8MP ,50MP + 2MP Depth Sensor + 2MP Macro Sensor ,5000,Mediatek Helio G99 
363,"Motorola g31 (Baby Blue, 128 GB)","₹12,999",4.1,"18,865","1,765",6 GB , 128 GB , 13MP ,50MP + 8MP + 2MP ,5000,Mediatek Helio G85 
364,"realme C55 (Sunshower, 128 GB)","₹13,999",4.4,"32,261","1,798",8 GB , 128 GB , 8MP ,64MP + 2MP ,5000,Helio G88 
365,"realme C55 (Rainy Night, 128 GB)","₹13,999",4.4,"32,261","1,798",8 GB , 128 GB , 8MP ,64MP + 2MP ,5000,Helio G88 
366,"SAMSUNG Galaxy M34 5G (Waterfall Blue, 128 GB)","₹14,179",4.2,"1,927",137,6 GB , 128 GB ,,50MP Rear Camera6000 mAh BatteryDomestic 1 Year of Device & 6 Months for In-Box Accessories,6000,Domestic 1 Year of Device & 6 Months for In-Box Accessories
367,"vivo Y58 5G (Sundarbans Green, 128 GB)","₹19,499",4.4,20,0,8 GB , 128 GB , 8MP ,50MP + 2MP ,6000,4 Gen 2 
368,"SAMSUNG Galaxy M33 5G (Mystique Green, 128 GB)","₹19,999",4.2,"4,801",322,8 GB , 128 GB ,,50MP Rear Camera6000 mAh Battery1 Year Warranty,6000,1 Year Warranty
369,"SAMSUNG Galaxy A55 5G (Awesome Iceblue, 256 GB)","₹45,999",4.3,100,8,12 GB , 256 GB , 32MP ,50MP + 12MP + 5MP ,5000,Samsung Exynos 1480 
370,"SAMSUNG Galaxy S24 5G (Onyx Black, 256 GB)","₹79,999",4.5,992,130,8 GB , 256 GB , 12MP ,50MP + 10MP + 12MP ,4000,Exynos 2400 
371,"SAMSUNG Galaxy A35 5G (Awesome Lilac, 256 GB)","₹29,999",4.3,410,28,8 GB , 256 GB , 13MP ,50MP + 8MP + 5MP ,5000,Samsung Exynos 1380 
372,"SAMSUNG Galaxy A35 5G (Awesome Navy, 256 GB)","₹32,399",4.3,410,28,8 GB , 256 GB , 13MP ,50MP + 8MP + 5MP ,5000,Samsung Exynos 1380 
373,"SAMSUNG Galaxy A54 5G (Awesome Lime, 256 GB)","₹35,499",4.3,"3,337",317,8 GB , 256 GB , 32MP ,50MP + 12MP + 5MP ,5000,"Exynos 1380, Octa Core "
374,"realme C55 (Rainy Night, 64 GB)","₹10,999",4.4,"1,10,827","6,294",4 GB , 64 GB , 8MP ,64MP + 2MP ,5000,Helio G88 
375,"vivo Y200 5G (Desert Gold, 256 GB)","₹22,989",4.4,"2,674",186,8 GB , 256 GB , 16MP ,64MP + 2MP ,4800,4 Gen 1 
376,"SAMSUNG Galaxy A14 5G (Dark Red, 64 GB)","₹16,499",4.1,"4,070",264,4 GB , 64 GB , 13MP ,50MP + 2MP ,5000,SEC S5E8535 (Exynos 1330) 
377,"vivo Y200 5G (Jungle Green, 128 GB)","₹22,999",4.4,"2,674",186,8 GB , 128 GB , 16MP ,64MP + 2MP ,4800,4 Gen 1 
378,"SAMSUNG M34 5G (Prism Silver, 256 GB)","₹27,999",4.5,14,1,8 GB , 256 GB ,,50MP Rear Camera6000 mAh BatteryDomestic 1 Year of Device & 6 Months for In-Box Accessories,6000,Domestic 1 Year of Device & 6 Months for In-Box Accessories
379,"SAMSUNG Galaxy A25 5G (Blue Black, 128 GB)","₹26,999",4.2,58,6,8 GB , 128 GB , 13MP ,50MP + 8MP + 2MP ,5000,Exynos 1280 
380,"OPPO F21 Pro (Sunset Orange, 128 GB)","₹17,999",4.3,"6,387",439,8 GB , 128 GB , 32MP ,64MP Rear Camera ,| 32MP Front,12 months
381,"SAMSUNG Galaxy A23 5G (Light Blue, 128 GB)","₹19,499",4.1,"2,585",173,6 GB , 128 GB , 8MP ,50MP + 5MP ,5000,Qualcomm Snapdragon 695 (SM6375) 
382,"OPPO F21s Pro (Dawnlight Gold, 128 GB)","₹18,999",4.2,"1,573",98,8 GB , 128 GB , 32MP ,64MP + 2MP + 2MP ,4500,Snapdragon 680 
383,"SAMSUNG Galaxy M33 5G (Deep Ocean Blue, 128 GB)","₹17,999",4.2,"12,912",895,6 GB , 128 GB ,,50MP Rear Camera6000 mAh Battery1 Year Warranty,6000,1 Year Warranty
384,"vivo Y28 5G (Glitter Aqua, 128 GB)","₹15,499",4.3,599,25,6 GB , 128 GB , 8MP ,50MP + 2MP ,5000,Dimensity 6020 
385,"realme 11 5G (Glory Gold, 128 GB)","₹18,999",4.3,"69,851","5,414",8 GB , 128 GB , 16MP ,108MP + 2MP ,5000,Dimensity 6100+ 
386,"SAMSUNG Galaxy A13 (Black, 128 GB)","₹17,499",4.1,536,27,6 GB , 128 GB , 8MP ,50MP + 5MP + 2MP + 2MP ,5000,Exynos Octa Core 
387,"vivo Y28 5G (Crystal Purple, 128 GB)","₹16,999",4.3,234,15,8 GB , 128 GB , 8MP ,50MP + 2MP ,5000,Dimensity 6020 
388,"realme 11 5G (Glory Gold, 256 GB)","₹19,999",4.3,"69,851","5,414",8 GB , 256 GB , 16MP ,108MP + 2MP ,5000,Dimensity 6100+ 
389,"vivo Y200 5G (Desert Gold, 128 GB)","₹21,999",4.4,"2,674",186,8 GB , 128 GB , 16MP ,64MP + 2MP ,4800,4 Gen 1 
390,"SAMSUNG Galaxy S24+ 5G (Cobalt Violet, 256 GB)","₹99,999",4.5,128,18,12 GB , 256 GB , 12MP ,50MP + 10MP + 12MP ,4900,Exynos 2400 
391,"vivo Y28 5G (Crystal Purple, 128 GB)","₹15,499",4.3,599,25,6 GB , 128 GB , 8MP ,50MP + 2MP ,5000,Dimensity 6020 
392,"realme 11 5G (Glory Black, 128 GB)","₹18,999",4.3,"69,851","5,414",8 GB , 128 GB , 16MP ,108MP + 2MP ,5000,Dimensity 6100+ 
393,"POCO M4 Pro (Cool Blue, 128 GB)","₹13,990",4.2,"28,893","2,201",8 GB , 128 GB , 16MP ,64MP + 8MP + 2MP ,5000,Mediatek Helio G96 
394,"POCO M4 5G (Yellow, 64 GB)","₹12,999",4.2,"1,01,385","6,855",4 GB , 64 GB , 8MP ,50MP + 2MP ,5000,Mediatek Dimensity 700 
395,"realme Narzo 60x 5G (Stellar Green, 128 GB)","₹11,173",4.3,"5,429",276,4 GB , 128 GB ,,50MP Rear Camera5000 mAh Battery1 Year Brand Warranty,5000,1 Year Brand Warranty
396,"SAMSUNG Galaxy A53 (Awesome Blue, 128 GB)","₹31,999",4,868,89,6 GB , 128 GB , 32MP ,64MP + 12MP + 5MP + 5MP ,5000,Exynos Octa Core 
397,"POCO X5 5G (Jaguar Black, 128 GB)","₹13,499",4.2,"39,335","3,054",6 GB , 128 GB , 13MP ,48MP + 8MP + 2MP ,5000,Qualcomm Snapdragon 695 
398,"vivo Y28 5G (Glitter Aqua, 128 GB)","₹16,999",4.3,234,15,8 GB , 128 GB , 8MP ,50MP + 2MP ,5000,Dimensity 6020 
399,"realme C55 (Sunshower, 64 GB)","₹10,999",4.4,"1,10,827","6,294",4 GB , 64 GB , 8MP ,64MP + 2MP ,5000,Helio G88 
400,"SAMSUNG Galaxy M15 5G (Blue Topaz, 128 GB)","₹14,499",4.2,533,25,6 GB , 128 GB ,,50MP Rear Camera6000 mAh BatteryDomestic Warranty Of 1 Year For Handset And 6 Month For Accessories.,6000,Domestic Warranty Of 1 Year For Handset And 6 Month For Accessories.
401,"OPPO A16 (Royal Gold, 64 GB)","₹11,999",4.3,"4,205",291,4 GB , 64 GB , 8MP ,13MP Rear Camera ,| 8MP Front,MediaTek Helio G35 
402,"SAMSUNG Galaxy A05s (Light Green, 128 GB)","₹10,455",4.2,77,0,4 GB , 128 GB , 13MP ,50MP + 2MP + 2MP ,5000,680 
403,"SAMSUNG Galaxy F41 (Fusion Black, 128 GB)","₹14,499",4.3,"3,94,773","41,932",6 GB , 128 GB , 32MP ,64MP + 8MP + 5MP ,6000,Exynos 9611 
404,"SAMSUNG Galaxy A14 (Silver, 64 GB)","₹13,999",3.9,145,13,4 GB , 64 GB , 13MP ,50MP + 5MP + 2MP ,5000,"Exynos 850, Octa Core "
405,"vivo Y28 5G (Crystal Purple, 128 GB)","₹13,999",4.2,369,8,4 GB , 128 GB , 8MP ,50MP + 2MP ,5000,Dimensity 6020 
406,"vivo Y200 Pro 5G (Silk Green, 128 GB)","₹24,999",4.2,63,3,8 GB , 128 GB , 16MP ,64MP + 2MP ,5000,695 
407,"vivo Y200 Pro 5G (Silk Black, 128 GB)","₹24,999",4.2,63,3,8 GB , 128 GB , 16MP ,64MP + 2MP ,5000,695 
408,"POCO F5 5G (Electric Blue, 256 GB)","₹29,999",4.3,"24,848","3,064",8 GB , 256 GB , 16MP ,64MP (OIS) + 8MP + 2MP ,5000,Qualcomm Snapdragon 7+ Gen 2 (4nm) 
409,"POCO M5 (Yellow, 64 GB)","₹12,499",4.1,"40,639","3,368",4 GB , 64 GB , 8MP ,50MP + 2MP Depth Sensor + 2MP Macro Sensor ,5000,Mediatek Helio G99 
410,"realme C55 (Rainforest, 128 GB)","₹13,999",4.4,"32,261","1,798",8 GB , 128 GB , 8MP ,64MP + 2MP ,5000,Helio G88 
411,"SAMSUNG Galaxy Z Flip5 (Graphite, 512 GB)","₹1,09,999",4.4,684,43,8 GB , 512 GB , 10MP ,12MP + 12MP ,3700,Snapdragon 8 Gen 2 
412,"SAMSUNG Galaxy F22 (Denim Black, 64 GB)","₹11,499",4.3,"1,06,362","9,869",4 GB , 64 GB , 13MP ,48MP + 8MP + 2MP + 2MP ,6000,MediaTek Helio G80 
413,"SAMSUNG Galaxy A55 5G (Awesome Iceblue, 256 GB)","₹42,999",4.5,117,11,8 GB , 256 GB , 32MP ,50MP + 12MP + 5MP ,5000,Samsung Exynos 1480 
414,"SAMSUNG Galaxy A14 5G (Light Green, 128 GB)","₹20,999",4.1,"3,434",266,8 GB , 128 GB , 13MP ,50MP + 2MP ,5000,SEC S5E8535 (Exynos 1330) 
415,"POCO M4 Pro (Cool Blue, 64 GB)","₹13,290",4.3,"1,87,751","15,837",6 GB , 64 GB , 16MP ,64MP + 8MP + 2MP ,5000,Mediatek Helio G96 
416,"realme 11 5G (Glory Black, 256 GB)","₹19,999",4.3,"69,851","5,414",8 GB , 256 GB , 16MP ,108MP + 2MP ,5000,Dimensity 6100+ 
417,"realme C53 (Gold, 64 GB)","₹10,499",4.4,"1,27,396","5,791",6 GB , 64 GB , 8MP ,108MP + 2MP ,5000,T612 
418,"SAMSUNG Galaxy M15 5G (Blue Topaz, 128 GB)","₹11,995",4.2,133,3,4 GB , 128 GB ,,50MP Rear Camera6000 mAh BatteryMediaTek ProcessorDomestic Warranty Of 1 Year For Handset And 6 Month For Accessories.,6000,MediaTek 
419,"POCO X5 Pro 5G (Yellow, 256 GB)","₹22,499",4.3,"43,926","4,160",8 GB , 256 GB , 16MP ,108MP + 8MP + 2MP ,5000,Qualcomm Snapdragon 778G 
420,"POCO F5 5G (Carbon Black, 256 GB)","₹33,999",4.3,"5,275",642,12 GB , 256 GB , 16MP ,64MP (OIS) + 8MP + 2MP ,5000,Qualcomm Snapdragon 7+ Gen 2 (4nm) 
421,"SAMSUNG Galaxy M33 5G (Deep Ocean Blue, 128 GB)","₹17,999",4.2,"12,912",895,6 GB , 128 GB ,,50MP Rear Camera6000 mAh Battery1 Year Warranty,6000,1 Year Warranty
422,"POCO M4 Pro (Yellow, 128 GB)","₹10,999",4.2,"28,893","2,201",8 GB , 128 GB , 16MP ,64MP + 8MP + 2MP ,5000,Mediatek Helio G96 
423,"SAMSUNG Galaxy A14 5G (Dark Red, 128 GB)","₹20,999",4.1,"3,434",266,8 GB , 128 GB , 13MP ,50MP + 2MP ,5000,SEC S5E8535 (Exynos 1330) 
424,"POCO X5 Pro 5G (Astral Black, 128 GB)","₹17,349",4.3,"30,693","3,159",6 GB , 128 GB , 16MP ,108MP + 8MP + 2MP ,5000,Qualcomm Snapdragon 778G 
425,"SAMSUNG Galaxy A55 5G (Awesome Navy, 256 GB)","₹45,999",4.3,100,8,12 GB , 256 GB , 32MP ,50MP + 12MP + 5MP ,5000,Samsung Exynos 1480 
426,"POCO M3 Pro 5G (Power Black, 128 GB)","₹16,499",4.2,"55,612","4,549",6 GB , 128 GB , 8MP ,48MP + 2MP + 2MP ,5000,MediaTek Dimensity 700 
427,"SAMSUNG Galaxy S24 Ultra 5G (Titanium Black, 256 GB)","₹1,29,999",4.6,"1,823",236,12 GB , 256 GB , 12MP ,200MP + 50MP + 12MP + 10MP ,5000,Snapdragon 8 Gen 3 
428,"POCO M4 5G (Cool Blue, 128 GB)","₹14,999",4.2,"55,625","3,819",6 GB , 128 GB , 8MP ,50MP + 2MP ,5000,Mediatek Dimensity 700 
429,"SAMSUNG Galaxy Z Fold5 (Icy Blue, 256 GB)","₹1,54,999",4.6,410,23,12 GB , 256 GB ,,50MP + 12MP + 10MP4400 mAh BatterySnapdragon 8 Gen 2 Processor1 Year Manufacturer Warranty for Device and 6 Months Manufacturer Warranty for In-Box Accessories,,Snapdragon 8 Gen 2 
430,"SAMSUNG Galaxy Z Flip5 (Mint, 256 GB)","₹99,999",4.4,684,43,8 GB , 256 GB , 10MP ,12MP + 12MP ,3700,Snapdragon 8 Gen 2 
431,"Motorola g54 5G (Pearl Blue, 128 GB)","₹14,999",4.2,"94,465","8,865",8 GB , 128 GB , 16MP ,50MP (OIS) + 8MP ,6000,Dimensity 7020 
432,"OPPO A18 (Glowing Blue, 64 GB)","₹11,499",4.3,"1,358",65,4 GB , 64 GB , 5MP ,8MP + 2MP ,5000,Helio G85 
433,"POCO X2 (Phoenix Red, 64 GB)","₹17,999",4.5,"2,71,939","28,891",6 GB , 64 GB , 20MP + 2MP Dual ,64MP + 8MP + 2MP + 2MP ,4500,Qualcomm Snapdragon 730G 
434,"OPPO A77 (Sky Blue, 128 GB)","₹13,400",4.2,"1,195",73,4 GB , 128 GB , 8MP ,50MP + 2MP ,5000,Mediatek Helio G35 
435,"POCO M3 (Power Black, 64 GB)","₹11,999",4.3,"1,26,524","8,949",4 GB , 64 GB , 8MP ,48MP + 2MP + 2MP ,6000,Qualcomm Snapdragon 662 
436,"SAMSUNG Galaxy Z Flip5 (Cream, 256 GB)","₹99,999",4.4,684,43,8 GB , 256 GB , 10MP ,12MP + 12MP ,3700,Snapdragon 8 Gen 2 
437,"POCO X2 (Atlantis Blue, 256 GB)","₹20,999",4.5,"61,016","6,959",8 GB , 256 GB , 20MP + 2MP Dual ,64MP + 8MP + 2MP + 2MP ,4500,Qualcomm Snapdragon 730G 
438,"SAMSUNG Galaxy A23 (Blue, 128 GB)","₹14,990",4.2,"1,177",69,6 GB , 128 GB , 8MP ,50MP Rear Camera ,| 8MP Front,Octa-core(EXYNOS) 
439,"POCO M4 Pro (Power Black, 128 GB)","₹14,490",4.2,"28,893","2,201",8 GB , 128 GB , 16MP ,64MP + 8MP + 2MP ,5000,Mediatek Helio G96 
440,"vivo Y28 5G (Glitter Aqua, 128 GB)","₹13,999",4.2,369,8,4 GB , 128 GB , 8MP ,50MP + 2MP ,5000,Dimensity 6020 
441,"SAMSUNG Galaxy A15 5G (Blue, 128 GB)","₹19,499",4.1,"1,246",83,8 GB , 128 GB , 13MP ,50MP + 5MP + 2MP ,5000,Dimensity 6100+ 
442,"SAMSUNG M15 5G (Celestrial Blue, 128 GB)","₹11,932",4.6,25,1,4 GB , 128 GB ,,50MP Rear Camera6000 mAh BatteryMediaTek ProcessorDomestic Warranty Of 1 Year For Handset And 6 Month For Accessories.,6000,MediaTek 
443,"vivo Y58 5G (Himalayan Blue, 128 GB)","₹19,499",4.4,20,0,8 GB , 128 GB , 8MP ,50MP + 2MP ,6000,4 Gen 2 
444,"SAMSUNG galaxy M15 5G (Stone Grey, 128 GB)","₹17,800",4.3,11,0,8 GB , 128 GB ,,50MP Rear Camera6000 mAh BatteryMediaTek ProcessorDomestic Warranty Of 1 Year For Handset And 6 Month For Accessories.,6000,MediaTek 
445,"Motorola g72 (Polar Blue, 128 GB)","₹16,999",4.1,"21,181","2,589",6 GB , 128 GB , 16MP ,108MP + 8MP + 2MP ,5000,Mediatek Helio G99 
446,"SAMSUNG Galaxy M33 5G (Emerald Brown, 128 GB)","₹17,407",4.2,"4,801",322,8 GB , 128 GB ,,50MP Rear Camera6000 mAh Battery12 Months Warranty,6000,12 Months Warranty
447,"SAMSUNG Galaxy F55 5G (Raisin Black, 128 GB)","₹24,999",3.7,456,41,8 GB , 128 GB , 50MP ,50MP + 8MP + 2MP ,5000,7 Gen 1 
448,"SAMSUNG Galaxy S24+ 5G (Onyx Black, 512 GB)","₹1,09,999",4.5,128,18,12 GB , 512 GB , 12MP ,50MP + 10MP + 12MP ,4900,Exynos 2400 
449,"vivo Y16 (Steller Black, 64 GB)","₹10,999",4.2,"3,163",156,3 GB , 64 GB , 5MP ,13MP + 2MP ,5000,Mediatek Helio P35 
450,"SAMSUNG Galaxy S24 5G (Cobalt Violet, 512 GB)","₹89,999",4.5,992,130,8 GB , 512 GB , 12MP ,50MP + 10MP + 12MP ,4000,Exynos 2400 
451,"SAMSUNG Galaxy A34 5G (Awesome Lime, 128 GB)","₹27,499",4.3,"6,556",544,8 GB , 128 GB , 13MP ,48MP + 8MP + 5MP ,5000, 
452,"vivo Y16 (Steller Black, 128 GB)","₹16,999",4.3,"7,900",426,4 GB , 128 GB , 5MP ,13MP + 2MP ,5000,Mediatek Helio P35 
453,"POCO X2 (Phoenix Red, 256 GB)","₹20,999",4.5,"61,016","6,959",8 GB , 256 GB , 20MP + 2MP Dual ,64MP + 8MP + 2MP + 2MP ,4500,Qualcomm Snapdragon 730G 
454,"POCO M5 (Power Black, 64 GB)","₹12,499",4.1,"40,639","3,368",4 GB , 64 GB , 8MP ,50MP + 2MP Depth Sensor + 2MP Macro Sensor ,5000,Mediatek Helio G99 
455,"vivo V29 5G (Black, 256 GB)","₹34,499",4.5,"2,853",286,12 GB , 256 GB , 50MP ,50MP + 8MP + 2MP ,4600,778G 
456,"OPPO A18 (Glowing Blue, 128 GB)","₹10,298",4.3,"1,358",65,4 GB , 128 GB , 5MP ,8MP + 2MP ,5000,Helio G85 
457,"vivo Y16 (Steller Black, 64 GB)","₹15,999",4.3,"7,900",426,4 GB , 64 GB , 5MP ,13MP + 2MP ,5000,Mediatek Helio P35 
458,"vivo V29 5G (Black, 256 GB)","₹34,499",4.5,"2,853",286,12 GB , 256 GB , 50MP ,50MP + 8MP + 2MP ,4600,778G 
459,"SAMSUNG Galaxy F54 5G (Meteor Blue, 256 GB)","₹22,999",4.2,"28,536","2,541",8 GB , 256 GB , 32MP ,108MP + 8MP + 2MP ,6000,Octa Core 
460,"SAMSUNG Galaxy F55 5G (Apricot Crush, 128 GB)","₹28,999",3.7,456,41,8 GB , 128 GB , 50MP ,50MP + 8MP + 2MP ,5000,7 Gen 1 
461,"OPPO A58 (Dazzling Green, 128 GB)","₹12,999",4.3,"1,713",103,6 GB , 128 GB , 8MP ,50MP + 50MP + 8MP ,5000,Helio G85 
462,"SAMSUNG Galaxy A25 5G (Blue, 128 GB)","₹26,999",4.2,58,6,8 GB , 128 GB , 13MP ,50MP + 8MP + 2MP ,5000,Exynos 1280 
463,"SAMSUNG Galaxy A04s (Copper, 128 GB)","₹10,900",4.1,167,13,4 GB , 128 GB , 5MP ,50MP + 50MP + 2MP + 2MP ,5000,Exynos Octa Core 
464,"Motorola g54 5G (Mint Green, 128 GB)","₹14,999",4.2,"94,465","8,865",8 GB , 128 GB , 16MP ,50MP (OIS) + 8MP ,6000,Dimensity 7020 
465,"vivo V25 5G (Sunrise Gold, 128 GB)","₹27,999",4.3,"8,817",804,8 GB , 128 GB , 50MP ,64MP + 8MP + 2MP ,4500,Dimensity 900 
466,"SAMSUNG Galaxy Z Fold5 (Phantom Black, 256 GB)","₹1,54,999",4.6,410,23,12 GB , 256 GB ,,50MP + 12MP + 10MP4400 mAh BatterySnapdragon 8 Gen 2 Processor1 Year Manufacturer Warranty for Device and 6 Months Manufacturer Warranty for In-Box Accessories,,Snapdragon 8 Gen 2 
467,"POCO M4 5G (Yellow, 128 GB)","₹14,999",4.2,"55,625","3,819",6 GB , 128 GB , 8MP ,50MP + 2MP ,5000,Mediatek Dimensity 700 
468,"POCO F4 5G (Night Black, 128 GB)","₹29,999",4.3,"5,775",732,8 GB , 128 GB , 20MP ,64MP + 8MP + 2MP ,4500,Qualcomm Snapdragon 870 
469,"realme C25 (Watery Grey, 128 GB)","₹11,999",4.4,"44,739","2,284",4 GB , 128 GB , 8MP ,13MP + 2MP + 2MP ,6000,MediaTek Helio G70 
470,"OPPO A77s (Sunset Orange, 128 GB)","₹22,999",4.3,"1,889",101,8 GB , 128 GB , 8MP ,50MP + 2MP ,5000,Qualcomm Snapdragon 680 
471,"vivo Y16 (Drizzling Gold, 64 GB)","₹15,999",4.3,"7,900",426,4 GB , 64 GB , 5MP ,13MP + 2MP ,5000,Mediatek Helio P35 
472,"OPPO A77s (Starry Black, 128 GB)","₹22,999",4.3,"1,889",101,8 GB , 128 GB , 8MP ,50MP + 2MP ,5000,Qualcomm Snapdragon 680 
473,"SAMSUNG Galaxy Z Fold5 (Icy Blue, 512 GB)","₹1,64,999",4.6,410,23,12 GB , 512 GB ,,50MP + 12MP + 10MP4400 mAh BatterySnapdragon 8 Gen 2 Processor1 Year Manufacturer Warranty for Device and 6 Months Manufacturer Warranty for In-Box Accessories,,Snapdragon 8 Gen 2 
474,"SAMSUNG Galaxy S24 5G (Amber Yellow, 256 GB)","₹79,999",4.5,992,130,8 GB , 256 GB , 12MP ,50MP + 10MP + 12MP ,4000,Exynos 2400 
475,"vivo Y21G (Diamond Glow, 64 GB)","₹11,490",4.4,"2,425",168,4 GB , 64 GB , 8MP ,13MP + 2MP ,5000,Mediatek MT6769 Helio G70 
476,"vivo V25 Pro 5G (Sailing Blue, 128 GB)","₹27,800",4.3,"7,474",922,8 GB , 128 GB , 32MP ,64MP + 8MP + 2MP ,4830,Mediatek Dimensity 1300 
477,"SAMSUNG Galaxy A14 (Light Green, 64 GB)","₹13,999",3.9,145,13,4 GB , 64 GB , 13MP ,50MP + 5MP + 2MP ,5000,"Exynos 850, Octa Core "
478,"POCO M4 5G (Power Black, 64 GB)","₹12,999",4.2,"1,01,385","6,855",4 GB , 64 GB , 8MP ,50MP + 2MP ,5000,Mediatek Dimensity 700 
479,"SAMSUNG Galaxy S24 5G (Onyx Black, 512 GB)","₹89,999",4.5,992,130,8 GB , 512 GB , 12MP ,50MP + 10MP + 12MP ,4000,Exynos 2400 
480,"vivo Y02 (Cosmic Grey, 32 GB)","₹10,999",4.2,"1,332",58,3 GB , 32 GB , 5MP ,8MP Rear Camera ,| 5MP Front,MediaTek P22 
481,"Motorola g54 5G (Mint Green, 256 GB)","₹16,999",4.2,"77,980","7,197",12 GB , 256 GB , 16MP ,50MP (OIS) + 8MP ,6000,Dimensity 7020 
482,"vivo V29 5G (Blue, 256 GB)","₹36,999",4.5,"2,853",286,12 GB , 256 GB , 50MP ,50MP + 8MP + 2MP ,4600,778G 
483,"SAMSUNG Galaxy S24 Ultra 5G (Titanium Violet, 256 GB)","₹1,29,999",4.6,"1,823",236,12 GB , 256 GB , 12MP ,200MP + 50MP + 12MP + 10MP ,5000,Snapdragon 8 Gen 3 
484,"POCO X3 Pro (Golden Bronze, 128 GB)","₹23,999",4.3,"1,37,949","12,387",6 GB , 128 GB , 20MP ,48MP + 8MP + 2MP + 2MP ,5160,Qualcomm Snapdragon 860 
485,"OPPO A77 (Sunset Orange, 128 GB)","₹19,999",4.2,"1,195",73,4 GB , 128 GB , 8MP ,50MP + 2MP ,5000,Mediatek Helio G35 
486,"SAMSUNG Galaxy A13 (Peach, 64 GB)","₹14,999",4.1,"1,007",62,4 GB , 64 GB , 8MP ,50MP + 5MP + 2MP + 2MP ,5000,Exynos Octa Core 
487,"SAMSUNG Galaxy F42 5G (Matte Aqua, 128 GB)","₹20,999",4.1,"10,610",993,6 GB , 128 GB , 8MP ,64MP + 5MP + 2MP ,5000,MediaTek Dimensity 700 
488,"vivo V29 5G (Red, 128 GB)","₹32,999",4.5,"9,259","1,036",8 GB , 128 GB , 50MP ,50MP + 8MP + 2MP ,4600,778G 
489,"vivo Y17s (Glitter Purple, 128 GB)","₹11,900",4.3,"1,133",59,4 GB , 128 GB , 8MP ,50MP + 2MP ,5000,Helio G85 
490,"POCO X5 5G (Supernova Green, 128 GB)","₹13,499",4.2,"39,335","3,054",6 GB , 128 GB , 13MP ,48MP + 8MP + 2MP ,5000,Qualcomm Snapdragon 695 
491,"vivo V29 5G (Red, 256 GB)","₹36,999",4.5,"2,853",286,12 GB , 256 GB , 50MP ,50MP + 8MP + 2MP ,4600,778G 
492,"SAMSUNG Galaxy S24+ 5G (Onyx Black, 256 GB)","₹99,999",4.5,128,18,12 GB , 256 GB , 12MP ,50MP + 10MP + 12MP ,4900,Exynos 2400 
493,"Motorola G32 (Satin Silver, 64 GB)","₹10,999",4.2,"45,886","3,979",4 GB , 64 GB , 16MP ,50MP + 8MP + 2MP ,5000,Qualcomm Snapdragon 680 
494,"SAMSUNG Galaxy A23 (Black, 128 GB)","₹18,499",4.2,"1,177",69,6 GB , 128 GB , 8MP ,50MP Rear Camera ,| 8MP Front,Octa-core(EXYNOS) 
495,"SAMSUNG GALAXY M13 (Midnight Blue, 128 GB)","₹12,898",4.2,"1,657",82,6 GB , 128 GB ,,50MP Rear Camera6000 mAh Battery12 Months Warranty,6000,12 Months Warranty
496,"SAMSUNG Galaxy F22 (Denim Blue, 128 GB)","₹13,499",4.3,"67,979","6,047",6 GB , 128 GB , 13MP ,48MP + 8MP + 2MP + 2MP ,6000,MediaTek Helio G80 
497,"POCO M2 Reloaded (Mostly Blue, 64 GB)","₹11,999",4.3,"68,119","4,594",4 GB , 64 GB , 8MP ,13MP + 8MP + 5MP + 2MP ,5000,MediaTek Helio G80 
498,"SAMSUNG Galaxy A04 (Green, 128 GB)","₹12,999",3.8,65,5,4 GB , 128 GB , 5MP ,50MP + 2MP ,5000,Mediatek Helio P35 
499,"SAMSUNG Galaxy A34 5G (Awesome Violet, 256 GB)","₹29,499",4.3,"6,556",544,8 GB , 256 GB , 13MP ,48MP + 8MP + 5MP ,5000, 
500,"Motorola edge 30 (Meteor Grey, 128 GB)","₹24,999",4.1,"12,361","1,538",6 GB , 128 GB , 32MP ,50MP + 50MP + 2MP ,4020,Qualcomm Snapdragon 778G Plus 
501,"vivo V29 5G (Blue, 128 GB)","₹32,999",4.5,"9,259","1,036",8 GB , 128 GB , 50MP ,50MP + 8MP + 2MP ,4600,778G 
502,"SAMSUNG Galaxy Z Fold6 5G (Navy, 512 GB)","₹1,76,999",,,,12 GB , 512 GB , 10MP ,50MP + 12MP + 10MP ,4400,Snapdragon 8 Gen 3 
503,"SAMSUNG Galaxy S21 FE 5G (Olive Green, 128 GB)","₹27,999",4.3,"1,43,405","13,749",8 GB , 128 GB , 32MP ,12MP + 12MP + 8MP (OIS) ,4500,1 Year Manufacturer Warranty for Device and 6 Months Manufacturer Warranty for In-Box Accessories
504,"SAMSUNG Galaxy Z Flip6 5G (Silver Shadow, 256 GB)","₹1,09,999",,,,12 GB , 256 GB , 10MP ,50MP + 12MP ,4000,Snapdragon 8 Gen 3 
505,"SAMSUNG Galaxy S20 FE (Cloud Navy, 128 GB)","₹65,999",4,"1,269",103,8 GB , 128 GB , 32MP ,12MP + 12MP + 8MP Rear Camera ,| 32MP Front,Exynos Octa Core 
506,"SAMSUNG Galaxy F23 5G (Aqua Blue, 128 GB)","₹17,499",4.2,"48,628","3,590",4 GB , 128 GB , 8MP ,50MP + 8MP + 2MP ,5000,Qualcomm Snapdragon 750G 
507,"vivo Y75 (Dancing waves, 128 GB)","₹25,990",4.3,"3,386",238,8 GB , 128 GB , 44MP ,50MP + 8MP + 2MP ,4050,Mediatek G96 
508,"vivo X Fold3 Pro (Celestial Black, 512 GB)","₹1,59,999",4.9,16,4,16 GB , 512 GB , 32MP ,50MP + 50MP + 64MP ,5700,8 Gen 3 Mobile Platform 
509,"SAMSUNG Galaxy A14 5G (Black, 64 GB)","₹16,499",4.1,"4,070",264,4 GB , 64 GB , 13MP ,50MP + 2MP ,5000,SEC S5E8535 (Exynos 1330) 
510,"Motorola g84 5G (Viva Magenta, 256 GB)","₹18,999",4.2,"48,240","4,687",12 GB , 256 GB , 16MP ,50MP (OIS) + 8MP ,5000,Snapdragon 695 
511,"Motorola Edge 40 Neo (Peach Fuzz, 256 GB)","₹24,999",4.3,"48,438","5,934",12 GB , 256 GB , 32MP ,50MP + 13MP ,5000,Dimensity 7030 
512,"SAMSUNG Galaxy A55 5G (Awesome Iceblue, 128 GB)","₹38,999",4.5,117,11,8 GB , 128 GB , 32MP ,50MP + 12MP + 5MP ,5000,Samsung Exynos 1480 
513,"SAMSUNG Galaxy Z Fold6 5G (Silver Shadow, 512 GB)","₹1,76,999",,,,12 GB , 512 GB , 10MP ,50MP + 12MP + 10MP ,4400,Snapdragon 8 Gen 3 
514,"vivo X100 (Stargaze Blue, 512 GB)","₹69,999",4.6,301,62,16 GB , 512 GB , 32MP ,50MP + 50MP + 64MP ,5000,Dimensity 9300 
515,"vivo X100 (Asteroid Black, 512 GB)","₹69,999",4.6,301,62,16 GB , 512 GB , 32MP ,50MP + 50MP + 64MP ,5000,Dimensity 9300 
516,"SAMSUNG Galaxy A54 5G (Awesome Violet, 128 GB)","₹33,499",4.3,"3,337",317,8 GB , 128 GB , 32MP ,50MP + 12MP + 5MP ,5000,"Exynos 1380, Octa Core "
517,"vivo X100 (Asteroid Black, 256 GB)","₹63,999",4.6,791,197,12 GB , 256 GB , 32MP ,50MP + 50MP + 64MP ,5000,Dimensity 9300 
518,"vivo X100 (Stargaze Blue, 256 GB)","₹63,999",4.6,791,197,12 GB , 256 GB , 32MP ,50MP + 50MP + 64MP ,5000,Dimensity 9300 
519,"SAMSUNG Galaxy F41 (Fusion Blue, 128 GB)","₹14,499",4.3,"3,94,773","41,932",6 GB , 128 GB , 32MP ,64MP + 8MP + 5MP ,6000,Exynos 9611 
520,"SAMSUNG Galaxy A72 (Awesome Black, 128 GB)","₹33,999",4.3,372,31,8 GB , 128 GB , 32MP ,64MP + 12MP + 8MP + 5MP ,5000,Qualcomm Snapdragon 720G 
521,"SAMSUNG Galaxy A34 5G (Awesome Violet, 128 GB)","₹27,499",4.3,"6,556",544,8 GB , 128 GB , 13MP ,48MP + 8MP + 5MP ,5000, 
522,"SAMSUNG Galaxy S24 5G (Cobalt Violet, 256 GB)","₹79,999",4.5,992,130,8 GB , 256 GB , 12MP ,50MP + 10MP + 12MP ,4000,Exynos 2400 
523,"POCO F5 5G (Snowstorm White, 256 GB)","₹29,999",4.3,"24,848","3,064",8 GB , 256 GB , 16MP ,64MP (OIS) + 8MP + 2MP ,5000,Qualcomm Snapdragon 7+ Gen 2 (4nm) 
524,"OPPO Reno10 Pro+ 5G (Silvery Grey, 256 GB)","₹46,499",4.5,"2,285",417,12 GB , 256 GB , 32MP ,50MP + 64MP + 8MP ,4700,Snapdragon 8+ Gen 1 
525,"OPPO Reno10 5G (Silvery Grey, 256 GB)","₹32,499",4.3,"42,327","5,037",8 GB , 256 GB , 32MP ,64MP + 32MP + 8MP ,5000,Mediatek Dimensity 7050 
526,"OPPO Reno10 5G (Ice Blue, 256 GB)","₹32,499",4.3,"42,327","5,037",8 GB , 256 GB , 32MP ,64MP + 32MP + 8MP ,5000,Mediatek Dimensity 7050 
527,"SAMSUNG Galaxy A14 5G (Black, 128 GB)","₹20,999",4.1,"3,434",266,8 GB , 128 GB , 13MP ,50MP + 2MP ,5000,SEC S5E8535 (Exynos 1330) 
528,"SAMSUNG Galaxy Z Fold6 5G (Navy, 256 GB)","₹1,64,999",,,,12 GB , 256 GB , 10MP ,50MP + 12MP + 10MP ,4400,Snapdragon 8 Gen 3 
529,"POCO X5 5G (Supernova Green, 256 GB)","₹14,499",4.2,"24,423","1,834",8 GB , 256 GB , 13MP ,48MP + 8MP + 2MP ,5000,Qualcomm Snapdragon 695 
530,"SAMSUNG Galaxy S24 Ultra 5G (Titanium Violet, 512 GB)","₹1,39,999",4.6,"1,823",236,12 GB , 512 GB , 12MP ,200MP + 50MP + 12MP + 10MP ,5000,Snapdragon 8 Gen 3 
531,"POCO X5 5G (Wildcat Blue, 128 GB)","₹13,499",4.2,"39,335","3,054",6 GB , 128 GB , 13MP ,48MP + 8MP + 2MP ,5000,Qualcomm Snapdragon 695 
532,"SAMSUNG GALAXY M13 (Stardust Brown, 128 GB)","₹12,999",4.2,"1,657",82,6 GB , 128 GB ,,50MP Rear Camera6000 mAh Battery12 Months Warranty,6000,12 Months Warranty
533,"POCO M3 (Power Black, 128 GB)","₹14,999",4.3,"4,87,744","34,749",6 GB , 128 GB , 8MP ,48MP + 2MP + 2MP ,6000,Qualcomm Snapdragon 662 
534,"SAMSUNG Galaxy A33 (Awesome Black, 128 GB)","₹25,999",4.1,"2,109",190,6 GB , 128 GB , 13MP ,48MP + 8MP + 5MP + 2MP ,5000,Exynos 1280 
535,"vivo Y35 (Dawn Gold, 128 GB)","₹16,999",4.4,"4,446",282,8 GB , 128 GB , 16MP ,50MP + 2MP + 2MP ,5000,Qualcomm Snapdragon 680 
536,"vivo Y17s (Forest Green, 128 GB)","₹10,499",4.3,"1,133",59,4 GB , 128 GB , 8MP ,50MP + 2MP ,5000,Helio G85 
537,"SAMSUNG Galaxy F55 5G (Apricot Crush, 256 GB)","₹31,500",3.7,456,41,8 GB , 256 GB , 50MP ,50MP + 8MP + 2MP ,5000,7 Gen 1 
538,"SAMSUNG Galaxy A54 5G (Awesome Violet, 256 GB)","₹35,499",4.3,"3,337",317,8 GB , 256 GB , 32MP ,50MP + 12MP + 5MP ,5000,"Exynos 1380, Octa Core "
539,"vivo Y56 5G (Black Engine, 128 GB)","₹18,999",4.3,"4,393",284,8 GB , 128 GB , 16MP ,50MP + 2MP ,5000,Mediatek Dimensity 700 
540,"vivo T1 44W (Starry Sky, 128 GB)","₹15,967",4.3,"7,847",573,8 GB , 128 GB , 16MP ,50MP + 2MP + 2MP ,5000,Qualcomm Snapdragon 680 
541,"vivo T1 44W (Starry Sky, 128 GB)","₹15,499",4.4,"66,528","4,455",6 GB , 128 GB , 16MP ,50MP + 2MP + 2MP ,5000,Qualcomm Snapdragon 680 
542,"SAMSUNG Galaxy A03s (Blue, 32 GB)","₹11,499",4,462,35,3 GB , 32 GB , 5MP ,13MP + 2MP + 2MP ,5000,Mediatek Helio P35 (MT6765) 
543,"SAMSUNG Galaxy Z Flip5 (Lavender, 512 GB)","₹1,09,999",4.4,684,43,8 GB , 512 GB , 10MP ,12MP + 12MP ,3700,Snapdragon 8 Gen 2 
544,"SAMSUNG Galaxy M55 5G (Denim Black / Black, 256 GB)","₹24,999",3.5,62,5,8 GB , 256 GB ,,50MP Rear Camera5000 mAh BatteryANDROID 14 ProcessorDomestic Warranty 1 year for handset and 6 months for accessories.,5000,ANDROID 14 
545,"OPPO A77 (Sky Blue, 64 GB)","₹18,999",4.2,"1,195",73,4 GB , 64 GB , 8MP ,50MP + 2MP ,5000,Mediatek Helio G35 
546,"vivo Y22 (Starlit Blue, 128 GB)","₹14,999",4.3,"1,877",108,6 GB , 128 GB , 8MP ,50MP + 2MP ,5000,Mediatek Helio G70 
547,"vivo T1 44W (Starry Sky, 128 GB)","₹14,499",4.5,"1,15,530","7,344",4 GB , 128 GB , 16MP ,50MP + 2MP + 2MP ,5000,Qualcomm Snapdragon 680 
548,"SAMSUNG Galaxy F23 5G (Copper Blush, 128 GB)","₹18,499",4.3,"2,22,090","16,388",6 GB , 128 GB , 8MP ,50MP + 8MP + 2MP ,5000,Qualcomm Snapdragon 750G 
549,"vivo Y56 5G (Orange Shimmer, 128 GB)","₹17,999",4.3,"4,393",284,8 GB , 128 GB , 16MP ,50MP + 2MP ,5000,Mediatek Dimensity 700 
550,"POCO X4 Pro 5G (Yellow, 64 GB)","₹18,999",4.2,"92,479","8,763",6 GB , 64 GB , 16MP ,64MP + 8MP + 2MP ,5000,Qualcomm Snapdragon 695 5G 
551,"SAMSUNG Galaxy S24+ 5G (Cobalt Violet, 512 GB)","₹1,09,999",4.5,128,18,12 GB , 512 GB , 12MP ,50MP + 10MP + 12MP ,4900,Exynos 2400 
552,"SAMSUNG Galaxy A23 (Peach, 128 GB)","₹18,499",4.2,"1,177",69,6 GB , 128 GB , 8MP ,50MP Rear Camera ,| 8MP Front,Octa-core(EXYNOS) 
553,"realme 8 Pro (Infinite Blue, 128 GB)","₹19,999",4.4,"40,750","3,358",8 GB , 128 GB , 16MP ,108MP + 8MP + 2MP + 2MP ,4500,Qualcomm Snapdragon 720G 
554,"SAMSUNG Galaxy F22 (Denim Black, 128 GB)","₹13,499",4.3,"67,979","6,047",6 GB , 128 GB , 13MP ,48MP + 8MP + 2MP + 2MP ,6000,MediaTek Helio G80 
555,"SAMSUNG Galaxy M13 (Aqua Green, 128 GB)","₹13,999",4.2,"1,657",82,6 GB , 128 GB ,,50MP Rear Camera6000 mAh Battery12 Months Warranty,6000,12 Months Warranty
556,"realme 8 Pro (Illuminating Yellow, 128 GB)","₹19,999",4.4,"40,750","3,358",8 GB , 128 GB , 16MP ,108MP + 8MP + 2MP + 2MP ,4500,Qualcomm Snapdragon 720G 
557,"realme 8 Pro (Infinite Black, 128 GB)","₹19,999",4.4,"40,750","3,358",8 GB , 128 GB , 16MP ,108MP + 8MP + 2MP + 2MP ,4500,Qualcomm Snapdragon 720G 
558,"vivo Y22 (Metaverse Green, 128 GB)","₹13,499",4.3,"2,002",114,4 GB , 128 GB , 8MP ,50MP + 2MP ,5000,Mediatek Helio G70 
559,"OPPO A57 (Glowing Green, 64 GB)","₹16,990",4.4,"3,969",178,4 GB , 64 GB , 8MP ,13MP + 2MP ,5000,Mediatek Helio G35 
560,"Motorola G51 5G (Indigo Blue, 64 GB)","₹14,999",4.1,"18,639","2,198",4 GB , 64 GB , 13MP ,50MP + 8MP + 2MP ,5000,Qualcomm Snapdragon 480 Pro 
561,"SAMSUNG Galaxy M55 5G (Light Green, 256 GB)","₹31,999",,,,12 GB , 256 GB ,,50MP Rear Camera5000 mAh BatteryDomestic Warranty 1 year for handset and 6 months for accessories.,5000,Domestic Warranty 1 year for handset and 6 months for accessories.
562,"SAMSUNG Galaxy A14 5G (Light Green, 128 GB)","₹15,499",4.1,"4,070",264,4 GB , 128 GB , 13MP ,50MP + 2MP ,5000,SEC S5E8535 (Exynos 1330) 
563,"Motorola g84 5G (Marshmallow Blue, 256 GB)","₹18,999",4.2,"48,240","4,687",12 GB , 256 GB , 16MP ,50MP (OIS) + 8MP ,5000,Snapdragon 695 
564,"OPPO Reno10 Pro+ 5G (Glossy Purple, 256 GB)","₹46,499",4.5,"2,285",417,12 GB , 256 GB , 32MP ,50MP + 64MP + 8MP ,4700,Snapdragon 8+ Gen 1 
565,"Motorola G60 (Dynamic Gray, 128 GB)","₹14,999",4.1,"78,429","7,701",6 GB , 128 GB , 32MP ,108MP + 8MP + 2MP ,6000,Qualcomm Snapdragon 732G 
566,"realme 8 Pro (Infinite Blue, 128 GB)","₹17,999",4.4,"69,379","6,306",6 GB , 128 GB , 16MP ,108MP + 8MP + 2MP + 2MP ,4500,Qualcomm Snapdragon 720G 
567,"realme 8 Pro (Infinite Black, 128 GB)","₹17,999",4.4,"69,379","6,306",6 GB , 128 GB , 16MP ,108MP + 8MP + 2MP + 2MP ,4500,Qualcomm Snapdragon 720G 
568,"POCO X2 (Matrix Purple, 256 GB)","₹20,999",4.5,"61,016","6,959",8 GB , 256 GB , 20MP + 2MP Dual ,64MP + 8MP + 2MP + 2MP ,4500,Qualcomm Snapdragon 730G 
569,"vivo Y200 5G (Desert Gold, 256 GB)","₹28,999",4.4,"2,674",186,8 GB , 256 GB , 16MP ,64MP + 2MP ,4800,4 Gen 1 
570,"vivo Y200 5G (Jungle Green, 256 GB)","₹28,999",4.4,"2,674",186,8 GB , 256 GB , 16MP ,64MP + 2MP ,4800,4 Gen 1 
571,"vivo Y22 (Starlit Blue, 128 GB)","₹13,499",4.3,"2,002",114,4 GB , 128 GB , 8MP ,50MP + 2MP ,5000,Mediatek Helio G70 
572,"SAMSUNG Galaxy A05s (Black, 128 GB)","₹12,499",4.2,77,0,4 GB , 128 GB , 13MP ,50MP + 2MP + 2MP ,5000,680 
573,"POCO M6 Pro 5G (Forest Green, 256 GB)","₹13,999",4.2,"21,877","1,650",8 GB , 256 GB , 8MP ,50MP + 2MP ,5000,Snapdragon 4 Gen 2 
574,"POCO F4 5G (Nebula Green, 128 GB)","₹27,999",4.3,"13,567","1,833",6 GB , 128 GB , 20MP ,64MP + 8MP + 2MP ,4500,Qualcomm Snapdragon 870 
575,"SAMSUNG Galaxy Z Fold4 5G (Graygreen, 512 GB)","₹1,34,999",3.1,90,9,12 GB , 512 GB , 10MP ,50MP + 12MP + 10MP ,4400,Qualcomm Snapdragon 8+ Gen 1 
576,"SAMSUNG Galaxy M52 5G (Blazing Black, 128 GB)","₹24,999",4.2,"2,465",250,6 GB , 128 GB ,,64MP Rear Camera5000 mAh Battery1 Year Warranty,5000,1 Year Warranty
577,"SAMSUNG Galaxy M04 (Light Green, 64 GB)","₹11,888",4.1,"12,169",680,4 GB , 64 GB , 5MP ,13MP + 2MP ,5000,MediaTek Helio P35 
578,"SAMSUNG Galaxy A03 (Black, 32 GB)","₹11,249",4.1,"1,066",62,3 GB , 32 GB , 5MP ,48MP + 2MP ,5000,Unisoc UMS9230 
579,"SAMSUNG Galaxy A53 (Awesome Black, 128 GB)","₹31,999",4,868,89,6 GB , 128 GB , 32MP ,64MP + 12MP + 5MP + 5MP ,5000,Exynos Octa Core 
580,"vivo Y72 5G (Prism Magic, 128 GB)","₹18,190",4.3,"5,965",462,8 GB , 128 GB , 8MP ,48MP + 2MP ,5000,Qualcomm Snapdragon 480 
581,"SAMSUNG Galaxy M33 5G (Mystique Green, 128 GB)","₹15,900",4.2,"12,912",895,6 GB , 128 GB , 8MP ,50MP Rear Camera ,| 8MP Front,12 Months Warranty
582,"SAMSUNG Galaxy A34 5G (Awesome Lime, 256 GB)","₹29,499",4.3,"6,556",544,8 GB , 256 GB , 13MP ,48MP + 8MP + 5MP ,5000, 
583,"SAMSUNG Galaxy A04e (Copper, 128 GB)","₹10,999",4.2,82,2,4 GB , 128 GB , 5MP ,13MP + 2MP ,5000,Mediatek Helio P35 
584,"SAMSUNG Galaxy A03 Core (Onyx, 32 GB)","₹10,499",4.1,"4,750",334,2 GB , 32 GB ,,"8MP Rear Camera5000 mAh Battery12 Months brand Warranty , Domestic Only",5000,"12 Months brand Warranty , Domestic Only"
585,"vivo X21 (Black, 128 GB)","₹36,990",4.3,"1,895",285,6 GB , 128 GB , 12MP ,12MP + 5MP ,3200,Qualcomm Snapdragon 660 AIE 
586,"SAMSUNG Galaxy S23 Ultra 5G (Green, 256 GB)","₹89,999",4.6,"3,603",363,12 GB , 256 GB , 12MP ,200MP + 10MP + 12MP + 10MP ,5000,Qualcomm Snapdragon 8 Gen 2 
587,"vivo T1 44W (Midnight Galaxy, 128 GB)","₹17,999",4.3,"7,847",573,8 GB , 128 GB , 16MP ,50MP + 2MP + 2MP ,5000,Qualcomm Snapdragon 680 
588,"OPPO Reno10 Pro 5G (Silvery Grey, 256 GB)","₹37,499",4.3,"10,805","1,176",12 GB , 256 GB , 32MP ,50MP + 32MP + 8MP ,4600,Snapdragon 778G 5G 
589,"vivo V27 5G (Magic Blue, 256 GB)","₹36,999",4.4,"3,625",367,12 GB , 256 GB , 50MP ,50MP (OIS) + 8MP + 2MP ,4600,Mediatek Dimensity 7200 5G 
590,"POCO M4 Pro (Power Black, 64 GB)","₹14,999",4.3,"1,87,751","15,837",6 GB , 64 GB , 16MP ,64MP + 8MP + 2MP ,5000,Mediatek Helio G96 
591,"SAMSUNG Galaxy S24 Ultra 5G (Titanium Black, 512 GB)","₹1,39,999",4.6,"1,823",236,12 GB , 512 GB , 12MP ,200MP + 50MP + 12MP + 10MP ,5000,Snapdragon 8 Gen 3 
592,"vivo Y56 5G (Black Engine, 128 GB)","₹15,999",4.1,304,19,4 GB , 128 GB , 16MP ,50MP + 2MP ,5000,Mediatek Dimensity 700 
593,"vivo X70 Pro (Aurora Dawn, 256 GB)","₹43,990",4.4,"1,002",142,12 GB , 256 GB , 32MP ,50MP + 12MP + 12MP + 8MP ,4450,MediaTek Dimensity 1200 
594,"POCO M3 Pro 5G (Yellow, 64 GB)","₹14,499",4.3,"64,839","4,896",4 GB , 64 GB , 8MP ,48MP + 2MP + 2MP ,5000,MediaTek Dimensity 700 
595,"POCO M3 (Yellow, 128 GB)","₹14,999",4.3,"4,87,744","34,749",6 GB , 128 GB , 8MP ,48MP + 2MP + 2MP ,6000,Qualcomm Snapdragon 662 
596,"SAMSUNG Galaxy M55 5G (Light Green, 256 GB)","₹27,880",3.5,62,5,8 GB , 256 GB ,,50MP Rear Camera5000 mAh BatteryDomestic Warranty 1 year for handset and 6 months for accessories.,5000,Domestic Warranty 1 year for handset and 6 months for accessories.
597,"Motorola Edge 30 (Aurora Green, 128 GB)","₹26,999",4.1,"8,584","1,072",8 GB , 128 GB , 32MP ,50MP + 50MP + 2MP ,4020,Qualcomm Snapdragon 778G Plus 
598,"SAMSUNG Galaxy Z Fold6 5G (Silver Shadow, 1 TB)","₹2,09,999",,,,12 GB , 1 TB , 10MP ,50MP + 12MP + 10MP ,4400,Snapdragon 8 Gen 3 
599,"vivo V23 Pro 5G (Stardust Black, 128 GB)","₹38,990",4.3,"4,141",422,8 GB , 128 GB , 50MP + 8MP Dual ,108MP + 8MP + 2MP ,4300,Mediatek Dimensity 1200 
600,"Motorola g54 5G (Midnight Blue, 128 GB)","₹14,999",4.2,"94,465","8,865",8 GB , 128 GB , 16MP ,50MP (OIS) + 8MP ,6000,Dimensity 7020 
601,"vivo Y56 5G (Orange Shimmer, 128 GB)","₹15,999",4.1,304,19,4 GB , 128 GB , 16MP ,50MP + 2MP ,5000,Mediatek Dimensity 700 
602,"Motorola Edge 30 (Meteor Grey, 128 GB)","₹26,999",4.1,"8,584","1,072",8 GB , 128 GB , 32MP ,50MP + 50MP + 2MP ,4020,Qualcomm Snapdragon 778G Plus 
603,"SAMSUNG Galaxy A25 5G (Yellow, 128 GB)","₹26,999",4.2,58,6,8 GB , 128 GB , 13MP ,50MP + 8MP + 2MP ,5000,Exynos 1280 
604,"Motorola Edge 40 Neo (Caneel Bay, 128 GB)","₹22,999",4.3,"52,805","5,640",8 GB , 128 GB , 32MP ,50MP + 13MP ,5000,Dimensity 7030 
605,"SAMSUNG Galaxy A34 5G (Awesome Graphite, 128 GB)","₹27,499",4.3,"6,556",544,8 GB , 128 GB , 13MP ,48MP + 8MP + 5MP ,5000, 
606,"POCO M6 Pro 5G (Power Black, 64 GB)","₹10,999",4.3,"74,620","4,903",4 GB , 64 GB , 8MP ,50MP + 2MP ,5000,Snapdragon 4 Gen 2 
607,"vivo X70 Pro (Cosmic Black, 256 GB)","₹43,990",4.4,"1,002",142,12 GB , 256 GB , 32MP ,50MP + 12MP + 12MP + 8MP ,4450,MediaTek Dimensity 1200 
608,"SAMSUNG Galaxy Z Fold4 5G (Phantom Black, 512 GB)","₹1,34,999",3.1,90,9,12 GB , 512 GB , 10MP ,50MP + 12MP + 10MP ,4400,Qualcomm Snapdragon 8+ Gen 1 
609,"Motorola Edge 40 (Nebula Green, 256 GB)","₹26,999",4.3,"81,110","8,772",8 GB , 256 GB , 32MP ,50MP + 13MP ,4400,Dimensity 8020 
610,"OPPO A57 (Glowing Gold, 64 GB)","₹16,990",4.4,"3,969",178,4 GB , 64 GB , 8MP ,13MP + 2MP ,5000,Mediatek Helio G35 
611,"Motorola g22 (Mint Green, 64 GB)","₹10,999",3.8,"35,708","3,865",4 GB , 64 GB , 16MP ,50MP + 8MP + 2MP + 2MP ,5000,Mediatek Helio G37 
612,"realme GT NEO 3 (150W) (Nitro Blue, 256 GB)","₹42,999",4.3,727,78,12 GB , 256 GB , 16MP ,50MP + 8MP + 2MP ,4500,Mediatek Dimensity 8100 
613,"vivo Y100A (Pacific Blue, 256 GB)","₹23,999",4.3,704,50,8 GB , 256 GB , 16MP ,64MP + 2MP + 2MP ,4500,Snapdragon 695 
614,"vivo T1 Pro 5G (Turbo Cyan, 128 GB)","₹20,890",4.4,"21,047","1,973",8 GB , 128 GB , 16MP ,64MP + 8MP + 2MP ,4700,Qualcomm Snapdragon 778G 5G Mobile Platform 
615,"OPPO A17 (Sunlight Orange, 64 GB)","₹14,999",4.3,"13,799",588,4 GB , 64 GB , 5MP ,50MP + 0.3MP + 0.3MP ,5000,Mediatek Helio G35 
616,"OPPO Reno10 Pro 5G (Glossy Purple, 256 GB)","₹37,499",4.3,"10,805","1,176",12 GB , 256 GB , 32MP ,50MP + 32MP + 8MP ,4600,Snapdragon 778G 5G 
617,"OPPO F21s Pro 5G (Starlight Black, 128 GB)","₹22,648",4.2,"1,868",112,8 GB , 128 GB , 16MP + 2MP Dual ,64MP + 2MP + 2MP ,4500,Qualcomm SM6225 Snapdragon 680 4G (6 nm) 
618,"realme Narzo 50A Prime (Flash Black, 64 GB)","₹13,499",4.1,"1,740",79,4 GB , 64 GB , 8MP ,50MP Rear Camera ,| 8MP Front,1 Year Manufacturer Warranty for Phone and 6 Months Warranty for In-Box Accessories
619,"SAMSUNG GALAXY M13 (Midnight Blue, 64 GB)","₹10,990",4.2,"5,407",302,4 GB , 64 GB ,,50MP Rear Camera6000 mAh Battery12 MONTHS,6000,12 MONTHS
620,"realme C67 5G (Sunny Oasis, 128 GB)","₹14,999",4.3,"1,182",99,6 GB , 128 GB , 8MP ,50MP + 2MP ,5000,Dimensity 6100+ 
621,"SAMSUNG Galaxy A34 5G (Awesome Graphite, 256 GB)","₹29,499",4.3,"6,556",544,8 GB , 256 GB , 13MP ,48MP + 8MP + 5MP ,5000, 
622,"vivo X70 Pro (Aurora Dawn, 128 GB)","₹36,990",4.5,"3,828",688,8 GB , 128 GB , 32MP ,50MP + 12MP + 12MP + 8MP ,4450,MediaTek Dimensity 1200 
623,"SAMSUNG Galaxy M55 5G (Denim Black / Black, 256 GB)","₹24,994",3.5,62,5,8 GB , 256 GB ,,50MP Rear Camera5000 mAh BatteryANDROID 14 ProcessorDomestic Warranty 1 year for handset and 6 months for accessories.,5000,ANDROID 14 
624,"POCO X4 Pro 5G (Yellow, 128 GB)","₹21,999",4.2,"25,849","2,383",8 GB , 128 GB , 16MP ,64MP + 8MP + 2MP ,5000,Qualcomm Snapdragon 695 5G 
625,"MOTOROLA razr 40 (Vanilla Cream, 256 GB)","₹49,800",4.3,51,2,8 GB , 256 GB ,,64MP Rear Camera4200 mAh BatteryBrand Warranty of 1 Year Available for Mobile and 6 Months for Accessories,4200,Brand Warranty of 1 Year Available for Mobile and 6 Months for Accessories
626,"vivo Y100A (Twilight Gold, 128 GB)","₹21,999",4.3,704,50,8 GB , 128 GB , 16MP ,64MP + 2MP + 2MP ,4500,Snapdragon 695 
627,"SAMSUNG Galaxy A14 (Light Green, 128 GB)","₹12,490",3.9,145,13,4 GB , 128 GB , 13MP ,50MP + 5MP + 2MP ,5000,"Exynos 850, Octa Core "
628,"vivo V25 Pro 5G (sailing blue, 128 GB)","₹25,690",4.3,"7,474",922,8 GB , 128 GB , 32MP ,64MP + 8MP + 2MP ,4830,Mediatek Dimensity 1300 
629,"vivo X70 Pro (Cosmic Black, 128 GB)","₹38,999",4.5,"3,828",688,8 GB , 128 GB , 32MP ,50MP + 12MP + 12MP + 8MP ,4450,MediaTek Dimensity 1200 
630,"realme C67 5G (Dark Purple, 128 GB)","₹13,999",4.4,"7,006",480,4 GB , 128 GB , 8MP ,50MP + 2MP ,5000,Dimensity 6100+ 
631,"SAMSUNG Galaxy S20+ (Cosmic Gray, 128 GB)","₹83,000",4.4,"19,782","2,873",8 GB , 128 GB , 10MP ,64 MP + 12 MP +12 MP + VGA Depth Camera ,| 10MP Front,Exynos 990 
632,"SAMSUNG Galaxy A03 (Blue, 32 GB)","₹11,249",4.1,"1,066",62,3 GB , 32 GB , 5MP ,48MP + 2MP ,5000,Unisoc UMS9230 
633,"realme C30s (Stripe Blue, 64 GB)","₹10,999",4.2,"7,854",424,4 GB , 64 GB , 5MP ,8MP Rear Camera ,| 5MP Front,Unisoc SC9863A/ Unisoc SC9863A1 
634,"SAMSUNG Galaxy Z Flip5 (Mint, 512 GB)","₹1,09,999",4.4,684,43,8 GB , 512 GB , 10MP ,12MP + 12MP ,3700,Snapdragon 8 Gen 2 
635,"vivo Y100A (Twilight Gold, 256 GB)","₹23,999",4.3,704,50,8 GB , 256 GB , 16MP ,64MP + 2MP + 2MP ,4500,Snapdragon 695 
636,"vivo Y100A (Metal Black, 128 GB)","₹21,999",4.3,704,50,8 GB , 128 GB , 16MP ,64MP + 2MP + 2MP ,4500,Snapdragon 695 
637,"SAMSUNG Galaxy A05s (Light Violet, 128 GB)","₹11,900",4.2,77,0,4 GB , 128 GB , 13MP ,50MP + 2MP + 2MP ,5000,680 
638,"POCO M3 (Cool Blue, 64 GB)","₹11,999",4.3,"1,26,524","8,949",4 GB , 64 GB , 8MP ,48MP + 2MP + 2MP ,6000,Qualcomm Snapdragon 662 
639,"vivo V27 5G (Magic Blue, 128 GB)","₹32,999",4.4,"27,818","2,952",8 GB , 128 GB , 50MP ,50MP (OIS) + 8MP + 2MP ,4600,Mediatek Dimensity 7200 5G 
640,"vivo X70 Pro (Cosmic Black, 256 GB)","₹47,499",4.5,"3,828",688,8 GB , 256 GB , 32MP ,50MP + 12MP + 12MP + 8MP ,4450,MediaTek Dimensity 1200 
641,"vivo X70 Pro (Aurora Dawn, 256 GB)","₹40,990",4.5,"3,828",688,8 GB , 256 GB , 32MP ,50MP + 12MP + 12MP + 8MP ,4450,MediaTek Dimensity 1200 
642,"SAMSUNG Galaxy A34 5G (Awesome Silver, 128 GB)","₹27,499",4.3,"6,556",544,8 GB , 128 GB , 13MP ,48MP + 8MP + 5MP ,5000, 
643,"SAMSUNG Galaxy A15 5G (Light Blue, 256 GB)","₹22,349",4.1,"1,246",83,8 GB , 256 GB , 13MP ,50MP + 5MP + 2MP ,5000,Dimensity 6100+ 
644,"SAMSUNG galaxy M15 5G (Blue Topaz, 128 GB)","₹17,890",4.3,11,0,8 GB , 128 GB ,,50MP Rear Camera6000 mAh BatteryMediaTek ProcessorDomestic Warranty Of 1 Year For Handset And 6 Month For Accessories.,6000,MediaTek 
645,"OPPO A78 5G (Glowing Black, 128 GB)","₹17,999",4.3,"7,402",472,8 GB , 128 GB , 8MP ,50MP + 2MP ,5000,6833 
646,"Motorola g54 5G (Midnight Blue, 256 GB)","₹16,999",4.2,"77,980","7,197",12 GB , 256 GB , 16MP ,50MP (OIS) + 8MP ,6000,Dimensity 7020 
647,"realme C67 5G (Dark Purple, 128 GB)","₹14,999",4.3,"1,182",99,6 GB , 128 GB , 8MP ,50MP + 2MP ,5000,Dimensity 6100+ 
648,"SAMSUNG Galaxy S24 5G (Amber Yellow, 128 GB)","₹74,999",4.5,992,130,8 GB , 128 GB , 12MP ,50MP + 10MP + 12MP ,4000,Exynos 2400 
649,OPPO A18,"₹10,490",4.3,"1,358",65,4 GB , 64 GB ,,8MP Rear Camera5000 mAh Battery1 YEAR,5000,1 YEAR
650,"Motorola G32 (Rose Gold, 128 GB)","₹10,999",4.2,"1,21,656","9,907",8 GB , 128 GB , 16MP ,50MP + 8MP + 2MP ,5000,Qualcomm Snapdragon 680 
651,"vivo V29 5G (Black, 128 GB)","₹32,490",4.5,"9,259","1,036",8 GB , 128 GB , 50MP ,50MP + 8MP + 2MP ,4600,778G 
652,"MOTOROLA razr 40 (Sage Green, 256 GB)","₹49,999",4.3,51,2,8 GB , 256 GB ,,64MP Rear Camera4200 mAh BatteryBrand Warranty of 1 Year Available for Mobile and 6 Months for Accessories,4200,Brand Warranty of 1 Year Available for Mobile and 6 Months for Accessories
653,"SAMSUNG Galaxy Z Flip4 5G (Pink Gold, 128 GB)","₹64,999",3.9,332,24,8 GB , 128 GB , 10MP ,12MP + 12MP ,3700,Qualcomm Snapdragon 8+ Gen 1 
654,"SAMSUNG M32 5G (Slate Black, 128 GB)","₹16,490",4.1,"4,079",292,6 GB , 128 GB , 13MP ,48MP + 8MP + 5MP + 2MP ,5000,Dimensity 720 5G 
655,"SAMSUNG Galaxy F41 (Fusion Green, 128 GB)","₹14,499",4.3,"3,94,773","41,932",6 GB , 128 GB , 32MP ,64MP + 8MP + 5MP ,6000,Exynos 9611 
656,"vivo Y22 (Starlit Blue, 64 GB)","₹12,999",4.3,"2,002",114,4 GB , 64 GB , 8MP ,50MP + 2MP ,5000,Mediatek Helio G70 
657,"vivo Y100A (Pacific Blue, 128 GB)","₹21,999",4.3,704,50,8 GB , 128 GB , 16MP ,64MP + 2MP + 2MP ,4500,Snapdragon 695 
658,"SAMSUNG Galaxy A54 5G (Awesome Graphite, 128 GB)","₹33,499",4.3,"3,337",317,8 GB , 128 GB , 32MP ,50MP + 12MP + 5MP ,5000,"Exynos 1380, Octa Core "
659,"realme Narzo 50A Prime (Flash Black, 128 GB)","₹14,499",4.1,"1,740",79,4 GB , 128 GB ,,50MP Rear Camera5000 mAh Battery12 Months Brand Warranty,5000,12 Months Brand Warranty
660,"SAMSUNG Galaxy M55 5G (Danim Black, 256 GB)","₹31,999",,,,12 GB , 256 GB ,,50MP Rear Camera5000 mAh BatteryDomestic Warranty 1 year for handset and 6 months for accessories.,5000,Domestic Warranty 1 year for handset and 6 months for accessories.
661,"vivo V25 Pro 5G (Sailing Blue, 128 GB)","₹35,999",4.3,"7,474",922,8 GB , 128 GB , 32MP ,64MP + 8MP + 2MP ,4830,Mediatek Dimensity 1300 
662,"MOTOROLA razr 40 (Summer Lilac, 256 GB)","₹48,582",4.3,51,2,8 GB , 256 GB ,,64MP Rear Camera4200 mAh BatteryBrand Warranty of 1 Year Available for Mobile and 6 Months for Accessories,4200,Brand Warranty of 1 Year Available for Mobile and 6 Months for Accessories
663,"SAMSUNG Galaxy M55 5G (Denim Black / Black, 128 GB)","₹25,577",3.5,62,5,8 GB , 128 GB ,,50MP Rear Camera5000 mAh BatteryAndroid 14.0 ProcessorDomestic Warranty 1 year for handset and 6 months for accessories.,5000,Android 14.0 
664,"SAMSUNG Galaxy M33 5G (Deep Ocean Blue, 128 GB)",,4.2,"12,912",895,6 GB , 128 GB ,,50MP Rear Camera6000 mAh Battery1 Year Warranty,6000,1 Year Warranty
665,"SAMSUNG Galaxy A50s (Prism Crush Violet, 128 GB)","₹21,070",4.3,"48,759","4,516",4 GB , 128 GB , 32MP ,48MP + 5MP + 8MP ,4000,Exynos 9611 
666,"vivo Y22 (Metaverse Green, 64 GB)","₹12,999",4.3,"2,002",114,4 GB , 64 GB , 8MP ,50MP + 2MP ,5000,Mediatek Helio G70 
667,"SAMSUNG Galaxy Z Flip6 5G (Silver Shadow, 512 GB)","₹1,21,999",,,,12 GB , 512 GB , 10MP ,50MP + 12MP ,4000,Snapdragon 8 Gen 3 
668,"OPPO Find N3 Flip (Cream Gold, 256 GB)","₹74,999",4.4,353,42,12 GB , 256 GB , 32MP ,50MP + 48MP + 32MP ,4300,Mediatek Dimensity 9200 
669,"SAMSUNG Galaxy M55 5G (Light Green, 128 GB)","₹26,990",3.5,62,5,8 GB , 128 GB ,,50MP Rear Camera5000 mAh BatteryAndroid 14.0 ProcessorDomestic Warranty 1 year for handset and 6 months for accessories.,5000,Android 14.0 
670,"realme C67 5G (Sunny Oasis, 128 GB)","₹13,999",4.4,"7,006",480,4 GB , 128 GB , 8MP ,50MP + 2MP ,5000,Dimensity 6100+ 
671,"vivo T1 Pro 5G (Turbo Black, 128 GB)","₹23,999",4.4,"9,886",924,6 GB , 128 GB , 16MP ,64MP + 8MP + 2MP ,4700,Qualcomm Snapdragon 778G 5G Mobile Platform 
